2026-04-27 20:40:44 [INFO    ] ============================================================
2026-04-27 20:40:44 [INFO    ]  MediZuva — Multi-Source OSINT Check (Pillar 4)
2026-04-27 20:40:44 [INFO    ]  Mode      : SIMULATE
2026-04-27 20:40:44 [INFO    ]  HIBP      : SIMULATE
2026-04-27 20:40:44 [INFO    ]  DeHashed  : SIMULATE
2026-04-27 20:40:44 [INFO    ]  LeakCheck : SIMULATE
2026-04-27 20:40:44 [INFO    ]  IntelX    : SIMULATE
2026-04-27 20:40:44 [INFO    ] ============================================================
2026-04-27 20:40:44 [INFO    ] Loaded 500 personas from medizuva_500_personas.csv
2026-04-27 20:40:44 [DEBUG   ] DeHashed SIM [kudzai.chikwanda1@micrlabs.onmicrosoft.com] — ['Exploit.in']
2026-04-27 20:40:44 [INFO    ] [EXPOSED [DARK WEB]] Kudzai Chikwanda               | Doctor                    | score= 15 | findings=1 | sources=Exploit.in
2026-04-27 20:40:44 [DEBUG   ] DeHashed SIM [tinashe.phiri2@micrlabs.onmicrosoft.com] — ['AntiPublic', 'Exploit.in']
2026-04-27 20:40:44 [INFO    ] [EXPOSED [DARK WEB]] Tinashe Phiri                  | Doctor                    | score= 30 | findings=2 | sources=Exploit.in, AntiPublic
2026-04-27 20:40:44 [DEBUG   ] HIBP SIM [kudzai.ncube5@micrlabs.onmicrosoft.com] — ['Canva', 'Wishbone']
2026-04-27 20:40:44 [INFO    ] [EXPOSED] Kudzai Ncube                   | Lab Technician            | score= 20 | findings=2 | sources=Wishbone, Canva
2026-04-27 20:40:44 [DEBUG   ] HIBP SIM [nompilo.chirwa6@micrlabs.onmicrosoft.com] — ['LinkedIn2021', 'MyFitnessPal', 'Wattpad']
2026-04-27 20:40:44 [INFO    ] [EXPOSED] Nompilo Chirwa                 | Radiologist               | score= 30 | findings=3 | sources=LinkedIn2021, Wattpad, MyFitnessPal
2026-04-27 20:40:44 [DEBUG   ] HIBP SIM [tatenda.nkomo8@micrlabs.onmicrosoft.com] — ['MathWay', 'Adobe']
2026-04-27 20:40:44 [DEBUG   ] IntelX SIM [tatenda.nkomo8@micrlabs.onmicrosoft.com] — 2 hit(s) in 'pastes'
2026-04-27 20:40:44 [INFO    ] [EXPOSED] Tatenda Nkomo                  | Doctor                    | score= 70 | findings=4 | sources=leak_8114, leak_6708, Adobe, MathWay
2026-04-27 20:40:44 [DEBUG   ] HIBP SIM [sifiso.sithole11@micrlabs.onmicrosoft.com] — ['Chegg']
2026-04-27 20:40:44 [INFO    ] [EXPOSED] Sifiso Sithole                 | Doctor                    | score= 10 | findings=1 | sources=Chegg
2026-04-27 20:40:44 [DEBUG   ] HIBP SIM [sibusiso.chikwanda12@micrlabs.onmicrosoft.com] — ['Zynga', 'MathWay']
2026-04-27 20:40:44 [INFO    ] [EXPOSED] Sibusiso Chikwanda             | Lab Technician            | score= 20 | findings=2 | sources=Zynga, MathWay
2026-04-27 20:40:44 [DEBUG   ] HIBP SIM [zanele.sithole13@micrlabs.onmicrosoft.com] — ['Dropbox', 'TelegramLeaks-2024', 'Chegg']
2026-04-27 20:40:44 [DEBUG   ] DeHashed SIM [zanele.sithole13@micrlabs.onmicrosoft.com] — ['RaidForums-Archive', 'AntiPublic']
2026-04-27 20:40:44 [INFO    ] [EXPOSED [DARK WEB]] Zanele Sithole                 | Doctor                    | score= 60 | findings=5 | sources=RaidForums-Archive, Chegg, Dropbox, TelegramLeaks-2024, AntiPublic
2026-04-27 20:40:44 [DEBUG   ] LeakCheck SIM [thandi.mpofu14@micrlabs.onmicrosoft.com] — ['Adobe']
2026-04-27 20:40:44 [INFO    ] [EXPOSED] Thandi Mpofu                   | Doctor                    | score= 10 | findings=1 | sources=Adobe
2026-04-27 20:40:44 [DEBUG   ] HIBP SIM [tendai.banda15@micrlabs.onmicrosoft.com] — ['MathWay', 'Gravatar']
2026-04-27 20:40:44 [INFO    ] [EXPOSED] Tendai Banda                   | Nurse                     | score= 20 | findings=2 | sources=Gravatar, MathWay
2026-04-27 20:40:44 [DEBUG   ] LeakCheck SIM [sifiso.chirwa16@micrlabs.onmicrosoft.com] — ['Dropbox']
2026-04-27 20:40:44 [INFO    ] [EXPOSED] Sifiso Chirwa                  | Nurse                     | score= 10 | findings=1 | sources=Dropbox
2026-04-27 20:40:44 [DEBUG   ] LeakCheck SIM [tsitsi.mpofu17@micrlabs.onmicrosoft.com] — ['Adobe']
2026-04-27 20:40:44 [INFO    ] [EXPOSED] Tsitsi Mpofu                   | Doctor                    | score= 10 | findings=1 | sources=Adobe
2026-04-27 20:40:44 [DEBUG   ] DeHashed SIM [munyaradzi.tembo20@micrlabs.onmicrosoft.com] — ['Exploit.in']
2026-04-27 20:40:44 [DEBUG   ] LeakCheck SIM [munyaradzi.tembo20@micrlabs.onmicrosoft.com] — ['Wattpad', 'Chegg']
2026-04-27 20:40:44 [INFO    ] [EXPOSED [DARK WEB]] Munyaradzi Tembo               | Doctor                    | score= 35 | findings=3 | sources=Chegg, Exploit.in, Wattpad
2026-04-27 20:40:44 [DEBUG   ] HIBP SIM [nompilo.mpofu21@micrlabs.onmicrosoft.com] — ['Deezer', 'Adobe']
2026-04-27 20:40:44 [INFO    ] [EXPOSED] Nompilo Mpofu                  | Nurse                     | score= 20 | findings=2 | sources=Adobe, Deezer
2026-04-27 20:40:44 [DEBUG   ] LeakCheck SIM [tinashe.dube22@micrlabs.onmicrosoft.com] — ['LinkedIn']
2026-04-27 20:40:44 [INFO    ] [EXPOSED] Tinashe Dube                   | Doctor                    | score= 10 | findings=1 | sources=LinkedIn
2026-04-27 20:40:44 [DEBUG   ] LeakCheck SIM [nompilo.chikwanda23@micrlabs.onmicrosoft.com] — ['Canva']
2026-04-27 20:40:44 [INFO    ] [EXPOSED] Nompilo Chikwanda              | Radiologist               | score= 10 | findings=1 | sources=Canva
2026-04-27 20:40:44 [DEBUG   ] IntelX SIM [kudzai.mutasa24@micrlabs.onmicrosoft.com] — 2 hit(s) in 'pastes'
2026-04-27 20:40:44 [INFO    ] [EXPOSED] Kudzai Mutasa                  | Doctor                    | score= 50 | findings=2 | sources=leak_7061, leak_7046
2026-04-27 20:40:44 [DEBUG   ] HIBP SIM [tsitsi.ncube25@micrlabs.onmicrosoft.com] — ['LinkedIn2021']
2026-04-27 20:40:44 [INFO    ] [EXPOSED] Tsitsi Ncube                   | Nurse                     | score= 10 | findings=1 | sources=LinkedIn2021
2026-04-27 20:40:44 [DEBUG   ] LeakCheck SIM [zanele.mutasa26@micrlabs.onmicrosoft.com] — ['Dropbox', 'Chegg']
2026-04-27 20:40:44 [INFO    ] [EXPOSED] Zanele Mutasa                  | Doctor                    | score= 20 | findings=2 | sources=Chegg, Dropbox
2026-04-27 20:40:44 [DEBUG   ] DeHashed SIM [lungelo.gumbo27@micrlabs.onmicrosoft.com] — ['Collection#1', 'RaidForums-Archive']
2026-04-27 20:40:44 [DEBUG   ] LeakCheck SIM [lungelo.gumbo27@micrlabs.onmicrosoft.com] — ['Adobe', 'Chegg']
2026-04-27 20:40:44 [DEBUG   ] IntelX SIM [lungelo.gumbo27@micrlabs.onmicrosoft.com] — 1 hit(s) in 'darkweb'
2026-04-27 20:40:44 [INFO    ] [EXPOSED [DARK WEB]] Lungelo Gumbo                  | Lab Technician            | score= 75 | findings=5 | sources=RaidForums-Archive, Adobe, Collection#1, leak_7134, Chegg
2026-04-27 20:40:44 [DEBUG   ] IntelX SIM [takudzwa.gumbo28@micrlabs.onmicrosoft.com] — 1 hit(s) in 'darkweb'
2026-04-27 20:40:44 [INFO    ] [EXPOSED] Takudzwa Gumbo                 | Lab Technician            | score= 25 | findings=1 | sources=leak_2711
2026-04-27 20:40:44 [DEBUG   ] HIBP SIM [sibusiso.gumbo29@micrlabs.onmicrosoft.com] — ['Canva']
2026-04-27 20:40:44 [DEBUG   ] LeakCheck SIM [sibusiso.gumbo29@micrlabs.onmicrosoft.com] — ['Adobe']
2026-04-27 20:40:44 [INFO    ] [EXPOSED] Sibusiso Gumbo                 | Doctor                    | score= 20 | findings=2 | sources=Canva, Adobe
2026-04-27 20:40:44 [DEBUG   ] HIBP SIM [tendai.chirwa30@micrlabs.onmicrosoft.com] — ['Zynga', 'MyFitnessPal']
2026-04-27 20:40:44 [INFO    ] [EXPOSED] Tendai Chirwa                  | Lab Technician            | score= 20 | findings=2 | sources=Zynga, MyFitnessPal
2026-04-27 20:40:44 [DEBUG   ] HIBP SIM [rudo.mutasa33@micrlabs.onmicrosoft.com] — ['Wishbone']
2026-04-27 20:40:44 [INFO    ] [EXPOSED] Rudo Mutasa                    | Nurse                     | score= 10 | findings=1 | sources=Wishbone
2026-04-27 20:40:44 [DEBUG   ] HIBP SIM [zanele.gumbo34@micrlabs.onmicrosoft.com] — ['Wishbone', 'Chegg']
2026-04-27 20:40:44 [DEBUG   ] DeHashed SIM [zanele.gumbo34@micrlabs.onmicrosoft.com] — ['AntiPublic', 'RaidForums-Archive']
2026-04-27 20:40:44 [DEBUG   ] IntelX SIM [zanele.gumbo34@micrlabs.onmicrosoft.com] — 1 hit(s) in 'darkweb'
2026-04-27 20:40:44 [INFO    ] [EXPOSED [DARK WEB]] Zanele Gumbo                   | Doctor                    | score= 75 | findings=5 | sources=RaidForums-Archive, Wishbone, Chegg, leak_1040, AntiPublic
2026-04-27 20:40:44 [DEBUG   ] LeakCheck SIM [chiedza.gumbo38@micrlabs.onmicrosoft.com] — ['Dropbox']
2026-04-27 20:40:44 [INFO    ] [EXPOSED] Chiedza Gumbo                  | Lab Technician            | score= 10 | findings=1 | sources=Dropbox
2026-04-27 20:40:44 [DEBUG   ] LeakCheck SIM [sifiso.sithole39@micrlabs.onmicrosoft.com] — ['Chegg']
2026-04-27 20:40:44 [INFO    ] [EXPOSED] Sifiso Sithole                 | Lab Technician            | score= 10 | findings=1 | sources=Chegg
2026-04-27 20:40:44 [DEBUG   ] HIBP SIM [takudzwa.zimba40@micrlabs.onmicrosoft.com] — ['Wishbone', 'Wattpad', 'Canva']
2026-04-27 20:40:44 [DEBUG   ] LeakCheck SIM [takudzwa.zimba40@micrlabs.onmicrosoft.com] — ['Wattpad']
2026-04-27 20:40:44 [INFO    ] [EXPOSED] Takudzwa Zimba                 | Doctor                    | score= 40 | findings=4 | sources=Wishbone, Wattpad, Canva
2026-04-27 20:40:44 [DEBUG   ] DeHashed SIM [sifiso.mutasa41@micrlabs.onmicrosoft.com] — ['Exploit.in']
2026-04-27 20:40:44 [DEBUG   ] LeakCheck SIM [sifiso.mutasa41@micrlabs.onmicrosoft.com] — ['Canva']
2026-04-27 20:40:44 [INFO    ] [EXPOSED [DARK WEB]] Sifiso Mutasa                  | Lab Technician            | score= 25 | findings=2 | sources=Exploit.in, Canva
2026-04-27 20:40:44 [DEBUG   ] LeakCheck SIM [nomvula.chirwa43@micrlabs.onmicrosoft.com] — ['Deezer', 'Wattpad']
2026-04-27 20:40:44 [INFO    ] [EXPOSED] Nomvula Chirwa                 | Nurse                     | score= 20 | findings=2 | sources=Wattpad, Deezer
2026-04-27 20:40:44 [DEBUG   ] LeakCheck SIM [bongani.tembo45@micrlabs.onmicrosoft.com] — ['Canva']
2026-04-27 20:40:44 [INFO    ] [EXPOSED] Bongani Tembo                  | Radiologist               | score= 10 | findings=1 | sources=Canva
2026-04-27 20:40:44 [DEBUG   ] HIBP SIM [bongani.dube46@micrlabs.onmicrosoft.com] — ['Adobe']
2026-04-27 20:40:44 [DEBUG   ] DeHashed SIM [bongani.dube46@micrlabs.onmicrosoft.com] — ['Collection#1', 'AntiPublic']
2026-04-27 20:40:44 [INFO    ] [EXPOSED [DARK WEB]] Bongani Dube                   | Doctor                    | score= 40 | findings=3 | sources=Collection#1, Adobe, AntiPublic
2026-04-27 20:40:44 [INFO    ] --- Progress: 50/500 checked | Exposed so far: 32 ---
2026-04-27 20:40:44 [DEBUG   ] LeakCheck SIM [bongani.chikwanda52@micrlabs.onmicrosoft.com] — ['LinkedIn']
2026-04-27 20:40:44 [INFO    ] [EXPOSED] Bongani Chikwanda              | Nurse                     | score= 10 | findings=1 | sources=LinkedIn
2026-04-27 20:40:44 [DEBUG   ] DeHashed SIM [munyaradzi.sithole53@micrlabs.onmicrosoft.com] — ['Collection#1', 'RaidForums-Archive']
2026-04-27 20:40:44 [INFO    ] [EXPOSED [DARK WEB]] Munyaradzi Sithole             | Nurse                     | score= 30 | findings=2 | sources=Collection#1, RaidForums-Archive
2026-04-27 20:40:44 [DEBUG   ] HIBP SIM [nyasha.moyo55@micrlabs.onmicrosoft.com] — ['Gravatar']
2026-04-27 20:40:44 [DEBUG   ] LeakCheck SIM [nyasha.moyo55@micrlabs.onmicrosoft.com] — ['Dropbox']
2026-04-27 20:40:44 [INFO    ] [EXPOSED] Nyasha Moyo                    | Lab Technician            | score= 20 | findings=2 | sources=Gravatar, Dropbox
2026-04-27 20:40:44 [DEBUG   ] HIBP SIM [tinashe.mpofu56@micrlabs.onmicrosoft.com] — ['Wishbone', 'Deezer', 'MathWay']
2026-04-27 20:40:44 [INFO    ] [EXPOSED] Tinashe Mpofu                  | Doctor                    | score= 30 | findings=3 | sources=Wishbone, Deezer, MathWay
2026-04-27 20:40:44 [DEBUG   ] HIBP SIM [chiedza.tembo59@micrlabs.onmicrosoft.com] — ['Dropbox', 'MyFitnessPal', 'LinkedIn2021']
2026-04-27 20:40:44 [INFO    ] [EXPOSED] Chiedza Tembo                  | Doctor                    | score= 30 | findings=3 | sources=LinkedIn2021, Dropbox, MyFitnessPal
2026-04-27 20:40:44 [DEBUG   ] LeakCheck SIM [zanele.zimba60@micrlabs.onmicrosoft.com] — ['LinkedIn', 'Chegg']
2026-04-27 20:40:44 [INFO    ] [EXPOSED] Zanele Zimba                   | Doctor                    | score= 20 | findings=2 | sources=Chegg, LinkedIn
2026-04-27 20:40:44 [DEBUG   ] LeakCheck SIM [nompilo.zimba62@micrlabs.onmicrosoft.com] — ['Dropbox', 'Wattpad']
2026-04-27 20:40:44 [INFO    ] [EXPOSED] Nompilo Zimba                  | Lab Technician            | score= 20 | findings=2 | sources=Wattpad, Dropbox
2026-04-27 20:40:44 [DEBUG   ] LeakCheck SIM [nyasha.sithole63@micrlabs.onmicrosoft.com] — ['Chegg', 'Canva']
2026-04-27 20:40:44 [INFO    ] [EXPOSED] Nyasha Sithole                 | Radiologist               | score= 20 | findings=2 | sources=Chegg, Canva
2026-04-27 20:40:44 [DEBUG   ] LeakCheck SIM [kudzai.banda65@micrlabs.onmicrosoft.com] — ['LinkedIn']
2026-04-27 20:40:44 [INFO    ] [EXPOSED] Kudzai Banda                   | Radiologist               | score= 10 | findings=1 | sources=LinkedIn
2026-04-27 20:40:44 [DEBUG   ] DeHashed SIM [lungelo.banda66@micrlabs.onmicrosoft.com] — ['RaidForums-Archive', 'Exploit.in']
2026-04-27 20:40:44 [DEBUG   ] LeakCheck SIM [lungelo.banda66@micrlabs.onmicrosoft.com] — ['Adobe']
2026-04-27 20:40:44 [INFO    ] [EXPOSED [DARK WEB]] Lungelo Banda                  | Nurse                     | score= 40 | findings=3 | sources=Exploit.in, RaidForums-Archive, Adobe
2026-04-27 20:40:44 [DEBUG   ] DeHashed SIM [bongani.ncube67@micrlabs.onmicrosoft.com] — ['AntiPublic']
2026-04-27 20:40:44 [INFO    ] [EXPOSED [DARK WEB]] Bongani Ncube                  | Lab Technician            | score= 15 | findings=1 | sources=AntiPublic
2026-04-27 20:40:44 [DEBUG   ] HIBP SIM [sibusiso.mhlanga68@micrlabs.onmicrosoft.com] — ['Chegg', 'Adobe']
2026-04-27 20:40:44 [INFO    ] [EXPOSED] Sibusiso Mhlanga               | Lab Technician            | score= 20 | findings=2 | sources=Chegg, Adobe
2026-04-27 20:40:44 [DEBUG   ] LeakCheck SIM [nkosi.mpofu74@micrlabs.onmicrosoft.com] — ['Canva', 'Wattpad']
2026-04-27 20:40:44 [INFO    ] [EXPOSED] Nkosi Mpofu                    | Radiologist               | score= 20 | findings=2 | sources=Wattpad, Canva
2026-04-27 20:40:44 [DEBUG   ] LeakCheck SIM [sibusiso.phiri75@micrlabs.onmicrosoft.com] — ['Dropbox']
2026-04-27 20:40:44 [INFO    ] [EXPOSED] Sibusiso Phiri                 | Nurse                     | score= 10 | findings=1 | sources=Dropbox
2026-04-27 20:40:44 [DEBUG   ] LeakCheck SIM [munyaradzi.tembo77@micrlabs.onmicrosoft.com] — ['LinkedIn', 'Dropbox']
2026-04-27 20:40:44 [INFO    ] [EXPOSED] Munyaradzi Tembo               | Doctor                    | score= 20 | findings=2 | sources=LinkedIn, Dropbox
2026-04-27 20:40:44 [DEBUG   ] HIBP SIM [farai.banda78@micrlabs.onmicrosoft.com] — ['Canva']
2026-04-27 20:40:44 [DEBUG   ] DeHashed SIM [farai.banda78@micrlabs.onmicrosoft.com] — ['Exploit.in']
2026-04-27 20:40:44 [INFO    ] [EXPOSED [DARK WEB]] Farai Banda                    | Lab Technician            | score= 25 | findings=2 | sources=Exploit.in, Canva
2026-04-27 20:40:44 [DEBUG   ] HIBP SIM [nyasha.ncube80@micrlabs.onmicrosoft.com] — ['Wattpad']
2026-04-27 20:40:44 [INFO    ] [EXPOSED] Nyasha Ncube                   | Radiologist               | score= 10 | findings=1 | sources=Wattpad
2026-04-27 20:40:44 [DEBUG   ] HIBP SIM [sifiso.moyo81@micrlabs.onmicrosoft.com] — ['Tokopedia']
2026-04-27 20:40:44 [DEBUG   ] LeakCheck SIM [sifiso.moyo81@micrlabs.onmicrosoft.com] — ['Dropbox', 'Chegg']
2026-04-27 20:40:44 [INFO    ] [EXPOSED] Sifiso Moyo                    | Doctor                    | score= 30 | findings=3 | sources=Chegg, Tokopedia, Dropbox
2026-04-27 20:40:44 [DEBUG   ] LeakCheck SIM [nompilo.gumbo82@micrlabs.onmicrosoft.com] — ['Deezer', 'Dropbox']
2026-04-27 20:40:44 [DEBUG   ] IntelX SIM [nompilo.gumbo82@micrlabs.onmicrosoft.com] — 1 hit(s) in 'leaks'
2026-04-27 20:40:44 [INFO    ] [EXPOSED] Nompilo Gumbo                  | Nurse                     | score= 45 | findings=3 | sources=leak_1185, Dropbox, Deezer
2026-04-27 20:40:44 [DEBUG   ] DeHashed SIM [sibusiso.mpofu83@micrlabs.onmicrosoft.com] — ['AntiPublic']
2026-04-27 20:40:44 [INFO    ] [EXPOSED [DARK WEB]] Sibusiso Mpofu                 | Doctor                    | score= 15 | findings=1 | sources=AntiPublic
2026-04-27 20:40:44 [DEBUG   ] DeHashed SIM [nomvula.banda86@micrlabs.onmicrosoft.com] — ['AntiPublic', 'Collection#1']
2026-04-27 20:40:44 [DEBUG   ] IntelX SIM [nomvula.banda86@micrlabs.onmicrosoft.com] — 2 hit(s) in 'darkweb'
2026-04-27 20:40:44 [INFO    ] [EXPOSED [DARK WEB]] Nomvula Banda                  | Lab Technician            | score= 80 | findings=4 | sources=Collection#1, leak_2291, leak_7826, AntiPublic
2026-04-27 20:40:44 [DEBUG   ] HIBP SIM [tsitsi.zimba87@micrlabs.onmicrosoft.com] — ['MyFitnessPal', 'LinkedIn2021']
2026-04-27 20:40:44 [INFO    ] [EXPOSED] Tsitsi Zimba                   | Nurse                     | score= 20 | findings=2 | sources=LinkedIn2021, MyFitnessPal
2026-04-27 20:40:44 [DEBUG   ] HIBP SIM [nyasha.moyo88@micrlabs.onmicrosoft.com] — ['Evite', 'Gravatar', 'LinkedIn']
2026-04-27 20:40:44 [INFO    ] [EXPOSED] Nyasha Moyo                    | Radiologist               | score= 30 | findings=3 | sources=Gravatar, LinkedIn, Evite
2026-04-27 20:40:44 [DEBUG   ] HIBP SIM [tendai.chirwa91@micrlabs.onmicrosoft.com] — ['MathWay']
2026-04-27 20:40:44 [DEBUG   ] LeakCheck SIM [tendai.chirwa91@micrlabs.onmicrosoft.com] — ['Wattpad', 'Adobe']
2026-04-27 20:40:44 [INFO    ] [EXPOSED] Tendai Chirwa                  | Doctor                    | score= 30 | findings=3 | sources=Adobe, Wattpad, MathWay
2026-04-27 20:40:44 [DEBUG   ] LeakCheck SIM [nomvula.tembo92@micrlabs.onmicrosoft.com] — ['Wattpad']
2026-04-27 20:40:44 [INFO    ] [EXPOSED] Nomvula Tembo                  | Doctor                    | score= 10 | findings=1 | sources=Wattpad
2026-04-27 20:40:44 [DEBUG   ] IntelX SIM [nomvula.mpofu94@micrlabs.onmicrosoft.com] — 2 hit(s) in 'pastes'
2026-04-27 20:40:44 [INFO    ] [EXPOSED] Nomvula Mpofu                  | Nurse                     | score= 50 | findings=2 | sources=leak_8875, leak_7642
2026-04-27 20:40:44 [DEBUG   ] DeHashed SIM [chiedza.banda95@micrlabs.onmicrosoft.com] — ['Exploit.in']
2026-04-27 20:40:44 [DEBUG   ] LeakCheck SIM [chiedza.banda95@micrlabs.onmicrosoft.com] — ['Dropbox']
2026-04-27 20:40:44 [INFO    ] [EXPOSED [DARK WEB]] Chiedza Banda                  | Lab Technician            | score= 25 | findings=2 | sources=Exploit.in, Dropbox
2026-04-27 20:40:44 [DEBUG   ] IntelX SIM [munyaradzi.mhlanga96@micrlabs.onmicrosoft.com] — 1 hit(s) in 'pastes'
2026-04-27 20:40:44 [INFO    ] [EXPOSED] Munyaradzi Mhlanga             | Lab Technician            | score= 25 | findings=1 | sources=leak_3038
2026-04-27 20:40:44 [DEBUG   ] LeakCheck SIM [nkosi.sithole97@micrlabs.onmicrosoft.com] — ['LinkedIn']
2026-04-27 20:40:44 [INFO    ] [EXPOSED] Nkosi Sithole                  | Radiologist               | score= 10 | findings=1 | sources=LinkedIn
2026-04-27 20:40:44 [DEBUG   ] LeakCheck SIM [bongani.chirwa98@micrlabs.onmicrosoft.com] — ['Deezer']
2026-04-27 20:40:44 [INFO    ] [EXPOSED] Bongani Chirwa                 | Nurse                     | score= 10 | findings=1 | sources=Deezer
2026-04-27 20:40:44 [DEBUG   ] HIBP SIM [nompilo.moyo99@micrlabs.onmicrosoft.com] — ['Evite']
2026-04-27 20:40:44 [DEBUG   ] LeakCheck SIM [nompilo.moyo99@micrlabs.onmicrosoft.com] — ['LinkedIn', 'Adobe']
2026-04-27 20:40:44 [DEBUG   ] IntelX SIM [nompilo.moyo99@micrlabs.onmicrosoft.com] — 1 hit(s) in 'darkweb'
2026-04-27 20:40:44 [INFO    ] [EXPOSED] Nompilo Moyo                   | Doctor                    | score= 55 | findings=4 | sources=leak_5817, LinkedIn, Adobe, Evite
2026-04-27 20:40:44 [INFO    ] --- Progress: 100/500 checked | Exposed so far: 63 ---
2026-04-27 20:40:44 [DEBUG   ] LeakCheck SIM [sibusiso.chirwa103@micrlabs.onmicrosoft.com] — ['Deezer', 'LinkedIn']
2026-04-27 20:40:44 [INFO    ] [EXPOSED] Sibusiso Chirwa                | Radiologist               | score= 20 | findings=2 | sources=LinkedIn, Deezer
2026-04-27 20:40:44 [DEBUG   ] LeakCheck SIM [thandi.chirwa104@micrlabs.onmicrosoft.com] — ['Chegg', 'Dropbox']
2026-04-27 20:40:44 [INFO    ] [EXPOSED] Thandi Chirwa                  | Doctor                    | score= 20 | findings=2 | sources=Chegg, Dropbox
2026-04-27 20:40:44 [DEBUG   ] HIBP SIM [munyaradzi.banda105@micrlabs.onmicrosoft.com] — ['Wattpad', 'Wishbone']
2026-04-27 20:40:44 [DEBUG   ] IntelX SIM [munyaradzi.banda105@micrlabs.onmicrosoft.com] — 2 hit(s) in 'pastes'
2026-04-27 20:40:44 [INFO    ] [EXPOSED] Munyaradzi Banda               | Nurse                     | score= 70 | findings=4 | sources=Wishbone, Wattpad, leak_3910, leak_9607
2026-04-27 20:40:44 [DEBUG   ] DeHashed SIM [nyasha.sithole106@micrlabs.onmicrosoft.com] — ['AntiPublic', 'RaidForums-Archive']
2026-04-27 20:40:44 [INFO    ] [EXPOSED [DARK WEB]] Nyasha Sithole                 | Radiologist               | score= 30 | findings=2 | sources=RaidForums-Archive, AntiPublic
2026-04-27 20:40:44 [DEBUG   ] LeakCheck SIM [sibusiso.chirwa107@micrlabs.onmicrosoft.com] — ['LinkedIn']
2026-04-27 20:40:44 [INFO    ] [EXPOSED] Sibusiso Chirwa                | Nurse                     | score= 10 | findings=1 | sources=LinkedIn
2026-04-27 20:40:44 [DEBUG   ] DeHashed SIM [chiedza.mhlanga109@micrlabs.onmicrosoft.com] — ['Collection#1', 'RaidForums-Archive']
2026-04-27 20:40:44 [INFO    ] [EXPOSED [DARK WEB]] Chiedza Mhlanga                | Nurse                     | score= 30 | findings=2 | sources=Collection#1, RaidForums-Archive
2026-04-27 20:40:44 [DEBUG   ] DeHashed SIM [nkosi.dube111@micrlabs.onmicrosoft.com] — ['AntiPublic']
2026-04-27 20:40:44 [INFO    ] [EXPOSED [DARK WEB]] Nkosi Dube                     | Nurse                     | score= 15 | findings=1 | sources=AntiPublic
2026-04-27 20:40:44 [DEBUG   ] LeakCheck SIM [nyasha.phiri112@micrlabs.onmicrosoft.com] — ['Chegg']
2026-04-27 20:40:44 [INFO    ] [EXPOSED] Nyasha Phiri                   | Lab Technician            | score= 10 | findings=1 | sources=Chegg
2026-04-27 20:40:44 [DEBUG   ] DeHashed SIM [farai.chikwanda114@micrlabs.onmicrosoft.com] — ['AntiPublic', 'RaidForums-Archive']
2026-04-27 20:40:44 [DEBUG   ] LeakCheck SIM [farai.chikwanda114@micrlabs.onmicrosoft.com] — ['LinkedIn', 'Deezer']
2026-04-27 20:40:44 [INFO    ] [EXPOSED [DARK WEB]] Farai Chikwanda                | Nurse                     | score= 50 | findings=4 | sources=LinkedIn, RaidForums-Archive, Deezer, AntiPublic
2026-04-27 20:40:44 [DEBUG   ] DeHashed SIM [sibusiso.nkomo115@micrlabs.onmicrosoft.com] — ['Collection#1', 'RaidForums-Archive']
2026-04-27 20:40:44 [INFO    ] [EXPOSED [DARK WEB]] Sibusiso Nkomo                 | Radiologist               | score= 30 | findings=2 | sources=Collection#1, RaidForums-Archive
2026-04-27 20:40:44 [DEBUG   ] HIBP SIM [nompilo.zimba116@micrlabs.onmicrosoft.com] — ['Adobe', 'Evite', 'MathWay']
2026-04-27 20:40:44 [DEBUG   ] IntelX SIM [nompilo.zimba116@micrlabs.onmicrosoft.com] — 1 hit(s) in 'darkweb'
2026-04-27 20:40:44 [INFO    ] [EXPOSED] Nompilo Zimba                  | Radiologist               | score= 55 | findings=4 | sources=leak_4033, Adobe, Evite, MathWay
2026-04-27 20:40:44 [DEBUG   ] HIBP SIM [munyaradzi.mutasa118@micrlabs.onmicrosoft.com] — ['Wattpad', 'Adobe']
2026-04-27 20:40:44 [DEBUG   ] DeHashed SIM [munyaradzi.mutasa118@micrlabs.onmicrosoft.com] — ['RaidForums-Archive']
2026-04-27 20:40:44 [INFO    ] [EXPOSED [DARK WEB]] Munyaradzi Mutasa              | Lab Technician            | score= 35 | findings=3 | sources=Wattpad, RaidForums-Archive, Adobe
2026-04-27 20:40:44 [DEBUG   ] DeHashed SIM [bongani.nkomo120@micrlabs.onmicrosoft.com] — ['AntiPublic', 'Collection#1']
2026-04-27 20:40:44 [DEBUG   ] LeakCheck SIM [bongani.nkomo120@micrlabs.onmicrosoft.com] — ['Adobe', 'Deezer']
2026-04-27 20:40:44 [INFO    ] [EXPOSED [DARK WEB]] Bongani Nkomo                  | Doctor                    | score= 50 | findings=4 | sources=Collection#1, Deezer, Adobe, AntiPublic
2026-04-27 20:40:44 [DEBUG   ] IntelX SIM [farai.tembo122@micrlabs.onmicrosoft.com] — 1 hit(s) in 'pastes'
2026-04-27 20:40:44 [INFO    ] [EXPOSED] Farai Tembo                    | Radiologist               | score= 25 | findings=1 | sources=leak_8568
2026-04-27 20:40:44 [DEBUG   ] HIBP SIM [tinashe.chikwanda126@micrlabs.onmicrosoft.com] — ['Wishbone', 'Canva']
2026-04-27 20:40:44 [INFO    ] [EXPOSED] Tinashe Chikwanda              | Doctor                    | score= 20 | findings=2 | sources=Wishbone, Canva
2026-04-27 20:40:44 [DEBUG   ] HIBP SIM [farai.zimba127@micrlabs.onmicrosoft.com] — ['Gravatar', 'Canva', 'Wishbone']
2026-04-27 20:40:44 [DEBUG   ] IntelX SIM [farai.zimba127@micrlabs.onmicrosoft.com] — 1 hit(s) in 'darkweb'
2026-04-27 20:40:44 [INFO    ] [EXPOSED] Farai Zimba                    | Radiologist               | score= 55 | findings=4 | sources=Gravatar, Wishbone, Canva, leak_7374
2026-04-27 20:40:44 [DEBUG   ] LeakCheck SIM [nkosi.mutasa129@micrlabs.onmicrosoft.com] — ['Canva']
2026-04-27 20:40:44 [INFO    ] [EXPOSED] Nkosi Mutasa                   | Doctor                    | score= 10 | findings=1 | sources=Canva
2026-04-27 20:40:44 [DEBUG   ] HIBP SIM [sifiso.phiri130@micrlabs.onmicrosoft.com] — ['Adobe', 'Wishbone', 'Deezer']
2026-04-27 20:40:44 [DEBUG   ] DeHashed SIM [sifiso.phiri130@micrlabs.onmicrosoft.com] — ['AntiPublic', 'Collection#1']
2026-04-27 20:40:44 [INFO    ] [EXPOSED [DARK WEB]] Sifiso Phiri                   | Nurse                     | score= 60 | findings=5 | sources=Adobe, Collection#1, Wishbone, Deezer, AntiPublic
2026-04-27 20:40:44 [DEBUG   ] DeHashed SIM [takudzwa.mutasa131@micrlabs.onmicrosoft.com] — ['Exploit.in', 'AntiPublic']
2026-04-27 20:40:44 [DEBUG   ] LeakCheck SIM [takudzwa.mutasa131@micrlabs.onmicrosoft.com] — ['LinkedIn', 'Adobe']
2026-04-27 20:40:44 [INFO    ] [EXPOSED [DARK WEB]] Takudzwa Mutasa                | Doctor                    | score= 50 | findings=4 | sources=Exploit.in, LinkedIn, Adobe, AntiPublic
2026-04-27 20:40:44 [DEBUG   ] HIBP SIM [tendai.ncube132@micrlabs.onmicrosoft.com] — ['Wattpad', 'Deezer', 'Canva']
2026-04-27 20:40:44 [DEBUG   ] DeHashed SIM [tendai.ncube132@micrlabs.onmicrosoft.com] — ['AntiPublic', 'Exploit.in']
2026-04-27 20:40:44 [DEBUG   ] LeakCheck SIM [tendai.ncube132@micrlabs.onmicrosoft.com] — ['Deezer']
2026-04-27 20:40:44 [INFO    ] [EXPOSED [DARK WEB]] Tendai Ncube                   | Nurse                     | score= 70 | findings=6 | sources=Wattpad, Exploit.in, Canva, Deezer, AntiPublic
2026-04-27 20:40:44 [DEBUG   ] LeakCheck SIM [nomvula.banda133@micrlabs.onmicrosoft.com] — ['Deezer', 'Chegg']
2026-04-27 20:40:44 [INFO    ] [EXPOSED] Nomvula Banda                  | Lab Technician            | score= 20 | findings=2 | sources=Chegg, Deezer
2026-04-27 20:40:44 [DEBUG   ] HIBP SIM [nyasha.gumbo135@micrlabs.onmicrosoft.com] — ['Chegg', 'Canva']
2026-04-27 20:40:44 [INFO    ] [EXPOSED] Nyasha Gumbo                   | Radiologist               | score= 20 | findings=2 | sources=Chegg, Canva
2026-04-27 20:40:44 [DEBUG   ] DeHashed SIM [takudzwa.tembo136@micrlabs.onmicrosoft.com] — ['AntiPublic']
2026-04-27 20:40:44 [INFO    ] [EXPOSED [DARK WEB]] Takudzwa Tembo                 | Radiologist               | score= 15 | findings=1 | sources=AntiPublic
2026-04-27 20:40:44 [DEBUG   ] LeakCheck SIM [lungelo.gumbo137@micrlabs.onmicrosoft.com] — ['Dropbox', 'Deezer']
2026-04-27 20:40:44 [INFO    ] [EXPOSED] Lungelo Gumbo                  | Nurse                     | score= 20 | findings=2 | sources=Deezer, Dropbox
2026-04-27 20:40:44 [DEBUG   ] HIBP SIM [sibusiso.phiri138@micrlabs.onmicrosoft.com] — ['TelegramLeaks-2024', 'Adobe', 'Deezer']
2026-04-27 20:40:44 [DEBUG   ] DeHashed SIM [sibusiso.phiri138@micrlabs.onmicrosoft.com] — ['RaidForums-Archive']
2026-04-27 20:40:44 [DEBUG   ] IntelX SIM [sibusiso.phiri138@micrlabs.onmicrosoft.com] — 2 hit(s) in 'leaks'
2026-04-27 20:40:44 [INFO    ] [EXPOSED [DARK WEB]] Sibusiso Phiri                 | Doctor                    | score= 95 | findings=6 | sources=RaidForums-Archive, Adobe, leak_6940, Deezer, TelegramLeaks-2024, leak_7930
2026-04-27 20:40:44 [DEBUG   ] HIBP SIM [thandi.chirwa139@micrlabs.onmicrosoft.com] — ['MyFitnessPal', 'TelegramLeaks-2024', 'Zynga']
2026-04-27 20:40:44 [DEBUG   ] DeHashed SIM [thandi.chirwa139@micrlabs.onmicrosoft.com] — ['Collection#1', 'Exploit.in']
2026-04-27 20:40:44 [DEBUG   ] LeakCheck SIM [thandi.chirwa139@micrlabs.onmicrosoft.com] — ['Canva', 'Adobe']
2026-04-27 20:40:44 [INFO    ] [EXPOSED [DARK WEB]] Thandi Chirwa                  | Nurse                     | score= 80 | findings=7 | sources=Adobe, Collection#1, Exploit.in, Canva, MyFitnessPal, Zynga, TelegramLeaks-2024
2026-04-27 20:40:44 [DEBUG   ] HIBP SIM [tendai.tembo140@micrlabs.onmicrosoft.com] — ['Evite', 'Deezer']
2026-04-27 20:40:44 [DEBUG   ] LeakCheck SIM [tendai.tembo140@micrlabs.onmicrosoft.com] — ['Canva']
2026-04-27 20:40:44 [INFO    ] [EXPOSED] Tendai Tembo                   | Lab Technician            | score= 30 | findings=3 | sources=Canva, Deezer, Evite
2026-04-27 20:40:44 [DEBUG   ] HIBP SIM [takudzwa.chikwanda141@micrlabs.onmicrosoft.com] — ['MyFitnessPal', 'Adobe']
2026-04-27 20:40:44 [DEBUG   ] LeakCheck SIM [takudzwa.chikwanda141@micrlabs.onmicrosoft.com] — ['LinkedIn']
2026-04-27 20:40:44 [INFO    ] [EXPOSED] Takudzwa Chikwanda             | Lab Technician            | score= 30 | findings=3 | sources=LinkedIn, Adobe, MyFitnessPal
2026-04-27 20:40:44 [DEBUG   ] HIBP SIM [nomvula.dube143@micrlabs.onmicrosoft.com] — ['MathWay']
2026-04-27 20:40:44 [DEBUG   ] LeakCheck SIM [nomvula.dube143@micrlabs.onmicrosoft.com] — ['Adobe', 'Dropbox']
2026-04-27 20:40:44 [INFO    ] [EXPOSED] Nomvula Dube                   | Nurse                     | score= 30 | findings=3 | sources=Dropbox, Adobe, MathWay
2026-04-27 20:40:44 [DEBUG   ] HIBP SIM [takudzwa.chirwa145@micrlabs.onmicrosoft.com] — ['Evite', 'Gravatar']
2026-04-27 20:40:44 [INFO    ] [EXPOSED] Takudzwa Chirwa                | Radiologist               | score= 20 | findings=2 | sources=Gravatar, Evite
2026-04-27 20:40:44 [DEBUG   ] LeakCheck SIM [tinashe.nkomo146@micrlabs.onmicrosoft.com] — ['LinkedIn']
2026-04-27 20:40:44 [INFO    ] [EXPOSED] Tinashe Nkomo                  | Radiologist               | score= 10 | findings=1 | sources=LinkedIn
2026-04-27 20:40:44 [DEBUG   ] DeHashed SIM [rudo.ncube147@micrlabs.onmicrosoft.com] — ['Collection#1']
2026-04-27 20:40:44 [INFO    ] [EXPOSED [DARK WEB]] Rudo Ncube                     | Doctor                    | score= 15 | findings=1 | sources=Collection#1
2026-04-27 20:40:44 [DEBUG   ] DeHashed SIM [takudzwa.gumbo149@micrlabs.onmicrosoft.com] — ['AntiPublic', 'RaidForums-Archive']
2026-04-27 20:40:44 [DEBUG   ] LeakCheck SIM [takudzwa.gumbo149@micrlabs.onmicrosoft.com] — ['Deezer']
2026-04-27 20:40:44 [INFO    ] [EXPOSED [DARK WEB]] Takudzwa Gumbo                 | Nurse                     | score= 40 | findings=3 | sources=RaidForums-Archive, Deezer, AntiPublic
2026-04-27 20:40:44 [INFO    ] --- Progress: 150/500 checked | Exposed so far: 96 ---
2026-04-27 20:40:44 [DEBUG   ] HIBP SIM [rudo.mpofu151@micrlabs.onmicrosoft.com] — ['Gravatar', 'Evite', 'LinkedIn2021']
2026-04-27 20:40:44 [DEBUG   ] LeakCheck SIM [rudo.mpofu151@micrlabs.onmicrosoft.com] — ['LinkedIn']
2026-04-27 20:40:44 [INFO    ] [EXPOSED] Rudo Mpofu                     | Radiologist               | score= 40 | findings=4 | sources=Gravatar, LinkedIn2021, LinkedIn, Evite
2026-04-27 20:40:44 [DEBUG   ] HIBP SIM [tendai.phiri152@micrlabs.onmicrosoft.com] — ['MyFitnessPal']
2026-04-27 20:40:44 [INFO    ] [EXPOSED] Tendai Phiri                   | Radiologist               | score= 10 | findings=1 | sources=MyFitnessPal
2026-04-27 20:40:44 [DEBUG   ] LeakCheck SIM [tendai.chirwa153@micrlabs.onmicrosoft.com] — ['Dropbox', 'Deezer']
2026-04-27 20:40:44 [INFO    ] [EXPOSED] Tendai Chirwa                  | Radiologist               | score= 20 | findings=2 | sources=Deezer, Dropbox
2026-04-27 20:40:44 [DEBUG   ] LeakCheck SIM [thandi.tembo154@micrlabs.onmicrosoft.com] — ['LinkedIn']
2026-04-27 20:40:44 [INFO    ] [EXPOSED] Thandi Tembo                   | Radiologist               | score= 10 | findings=1 | sources=LinkedIn
2026-04-27 20:40:44 [DEBUG   ] HIBP SIM [tatenda.mutasa155@micrlabs.onmicrosoft.com] — ['Zynga']
2026-04-27 20:40:44 [DEBUG   ] LeakCheck SIM [tatenda.mutasa155@micrlabs.onmicrosoft.com] — ['Wattpad', 'Canva']
2026-04-27 20:40:44 [INFO    ] [EXPOSED] Tatenda Mutasa                 | Lab Technician            | score= 30 | findings=3 | sources=Wattpad, Zynga, Canva
2026-04-27 20:40:44 [DEBUG   ] HIBP SIM [chiedza.tembo156@micrlabs.onmicrosoft.com] — ['Adobe', 'Gravatar']
2026-04-27 20:40:44 [INFO    ] [EXPOSED] Chiedza Tembo                  | Nurse                     | score= 20 | findings=2 | sources=Gravatar, Adobe
2026-04-27 20:40:44 [DEBUG   ] DeHashed SIM [zanele.zimba157@micrlabs.onmicrosoft.com] — ['Exploit.in']
2026-04-27 20:40:44 [INFO    ] [EXPOSED [DARK WEB]] Zanele Zimba                   | Lab Technician            | score= 15 | findings=1 | sources=Exploit.in
2026-04-27 20:40:44 [DEBUG   ] LeakCheck SIM [kudzai.mhlanga161@micrlabs.onmicrosoft.com] — ['Dropbox', 'Wattpad']
2026-04-27 20:40:44 [INFO    ] [EXPOSED] Kudzai Mhlanga                 | Radiologist               | score= 20 | findings=2 | sources=Wattpad, Dropbox
2026-04-27 20:40:44 [DEBUG   ] LeakCheck SIM [sifiso.sithole163@micrlabs.onmicrosoft.com] — ['Wattpad']
2026-04-27 20:40:44 [INFO    ] [EXPOSED] Sifiso Sithole                 | Lab Technician            | score= 10 | findings=1 | sources=Wattpad
2026-04-27 20:40:44 [DEBUG   ] HIBP SIM [sifiso.mutasa164@micrlabs.onmicrosoft.com] — ['Zynga']
2026-04-27 20:40:44 [INFO    ] [EXPOSED] Sifiso Mutasa                  | Nurse                     | score= 10 | findings=1 | sources=Zynga
2026-04-27 20:40:44 [DEBUG   ] DeHashed SIM [thandi.tembo165@micrlabs.onmicrosoft.com] — ['AntiPublic']
2026-04-27 20:40:44 [DEBUG   ] LeakCheck SIM [thandi.tembo165@micrlabs.onmicrosoft.com] — ['Deezer', 'Dropbox']
2026-04-27 20:40:44 [INFO    ] [EXPOSED [DARK WEB]] Thandi Tembo                   | Doctor                    | score= 35 | findings=3 | sources=Dropbox, Deezer, AntiPublic
2026-04-27 20:40:44 [DEBUG   ] DeHashed SIM [nomvula.gumbo166@micrlabs.onmicrosoft.com] — ['Collection#1', 'RaidForums-Archive']
2026-04-27 20:40:44 [INFO    ] [EXPOSED [DARK WEB]] Nomvula Gumbo                  | Doctor                    | score= 30 | findings=2 | sources=Collection#1, RaidForums-Archive
2026-04-27 20:40:44 [DEBUG   ] DeHashed SIM [nomvula.tembo167@micrlabs.onmicrosoft.com] — ['AntiPublic']
2026-04-27 20:40:44 [DEBUG   ] LeakCheck SIM [nomvula.tembo167@micrlabs.onmicrosoft.com] — ['Dropbox', 'Wattpad']
2026-04-27 20:40:44 [INFO    ] [EXPOSED [DARK WEB]] Nomvula Tembo                  | Lab Technician            | score= 35 | findings=3 | sources=Wattpad, Dropbox, AntiPublic
2026-04-27 20:40:44 [DEBUG   ] IntelX SIM [tinashe.nkomo168@micrlabs.onmicrosoft.com] — 1 hit(s) in 'pastes'
2026-04-27 20:40:44 [INFO    ] [EXPOSED] Tinashe Nkomo                  | Nurse                     | score= 25 | findings=1 | sources=leak_6117
2026-04-27 20:40:44 [DEBUG   ] LeakCheck SIM [rudo.zimba169@micrlabs.onmicrosoft.com] — ['Deezer', 'Wattpad']
2026-04-27 20:40:44 [INFO    ] [EXPOSED] Rudo Zimba                     | Doctor                    | score= 20 | findings=2 | sources=Wattpad, Deezer
2026-04-27 20:40:44 [DEBUG   ] LeakCheck SIM [farai.chirwa173@micrlabs.onmicrosoft.com] — ['Adobe']
2026-04-27 20:40:44 [INFO    ] [EXPOSED] Farai Chirwa                   | Nurse                     | score= 10 | findings=1 | sources=Adobe
2026-04-27 20:40:44 [DEBUG   ] DeHashed SIM [bongani.nkomo174@micrlabs.onmicrosoft.com] — ['Exploit.in', 'Collection#1']
2026-04-27 20:40:44 [DEBUG   ] LeakCheck SIM [bongani.nkomo174@micrlabs.onmicrosoft.com] — ['Deezer', 'Canva']
2026-04-27 20:40:44 [DEBUG   ] IntelX SIM [bongani.nkomo174@micrlabs.onmicrosoft.com] — 1 hit(s) in 'darkweb'
2026-04-27 20:40:44 [INFO    ] [EXPOSED [DARK WEB]] Bongani Nkomo                  | Doctor                    | score= 75 | findings=5 | sources=Collection#1, Exploit.in, Canva, Deezer, leak_2686
2026-04-27 20:40:44 [DEBUG   ] DeHashed SIM [thandi.banda175@micrlabs.onmicrosoft.com] — ['RaidForums-Archive']
2026-04-27 20:40:44 [INFO    ] [EXPOSED [DARK WEB]] Thandi Banda                   | Nurse                     | score= 15 | findings=1 | sources=RaidForums-Archive
2026-04-27 20:40:44 [DEBUG   ] HIBP SIM [lungelo.tembo176@micrlabs.onmicrosoft.com] — ['Zynga']
2026-04-27 20:40:44 [DEBUG   ] LeakCheck SIM [lungelo.tembo176@micrlabs.onmicrosoft.com] — ['Canva']
2026-04-27 20:40:44 [INFO    ] [EXPOSED] Lungelo Tembo                  | Nurse                     | score= 20 | findings=2 | sources=Zynga, Canva
2026-04-27 20:40:44 [DEBUG   ] HIBP SIM [lungelo.mpofu178@micrlabs.onmicrosoft.com] — ['Deezer', 'Tokopedia']
2026-04-27 20:40:44 [INFO    ] [EXPOSED] Lungelo Mpofu                  | Nurse                     | score= 20 | findings=2 | sources=Tokopedia, Deezer
2026-04-27 20:40:44 [DEBUG   ] IntelX SIM [zanele.banda179@micrlabs.onmicrosoft.com] — 2 hit(s) in 'leaks'
2026-04-27 20:40:44 [INFO    ] [EXPOSED] Zanele Banda                   | Doctor                    | score= 50 | findings=2 | sources=leak_5448, leak_1024
2026-04-27 20:40:44 [DEBUG   ] DeHashed SIM [zanele.moyo180@micrlabs.onmicrosoft.com] — ['Collection#1', 'Exploit.in']
2026-04-27 20:40:44 [INFO    ] [EXPOSED [DARK WEB]] Zanele Moyo                    | Radiologist               | score= 30 | findings=2 | sources=Collection#1, Exploit.in
2026-04-27 20:40:44 [DEBUG   ] HIBP SIM [tsitsi.phiri181@micrlabs.onmicrosoft.com] — ['TelegramLeaks-2024', 'Tokopedia', 'Dropbox']
2026-04-27 20:40:44 [DEBUG   ] DeHashed SIM [tsitsi.phiri181@micrlabs.onmicrosoft.com] — ['Exploit.in', 'AntiPublic']
2026-04-27 20:40:44 [INFO    ] [EXPOSED [DARK WEB]] Tsitsi Phiri                   | Radiologist               | score= 60 | findings=5 | sources=Exploit.in, Tokopedia, Dropbox, TelegramLeaks-2024, AntiPublic
2026-04-27 20:40:44 [DEBUG   ] HIBP SIM [lungelo.dube184@micrlabs.onmicrosoft.com] — ['Tokopedia', 'Dropbox', 'Canva']
2026-04-27 20:40:44 [DEBUG   ] DeHashed SIM [lungelo.dube184@micrlabs.onmicrosoft.com] — ['AntiPublic', 'Collection#1']
2026-04-27 20:40:44 [DEBUG   ] LeakCheck SIM [lungelo.dube184@micrlabs.onmicrosoft.com] — ['Deezer']
2026-04-27 20:40:44 [INFO    ] [EXPOSED [DARK WEB]] Lungelo Dube                   | Nurse                     | score= 70 | findings=6 | sources=Collection#1, Canva, Deezer, Tokopedia, Dropbox, AntiPublic
2026-04-27 20:40:44 [DEBUG   ] LeakCheck SIM [nompilo.mhlanga185@micrlabs.onmicrosoft.com] — ['Wattpad']
2026-04-27 20:40:44 [INFO    ] [EXPOSED] Nompilo Mhlanga                | Radiologist               | score= 10 | findings=1 | sources=Wattpad
2026-04-27 20:40:44 [DEBUG   ] LeakCheck SIM [zanele.zimba189@micrlabs.onmicrosoft.com] — ['Chegg']
2026-04-27 20:40:44 [INFO    ] [EXPOSED] Zanele Zimba                   | Lab Technician            | score= 10 | findings=1 | sources=Chegg
2026-04-27 20:40:44 [DEBUG   ] HIBP SIM [bongani.mpofu190@micrlabs.onmicrosoft.com] — ['Gravatar', 'Chegg']
2026-04-27 20:40:44 [INFO    ] [EXPOSED] Bongani Mpofu                  | Lab Technician            | score= 20 | findings=2 | sources=Gravatar, Chegg
2026-04-27 20:40:44 [DEBUG   ] HIBP SIM [tatenda.chirwa194@micrlabs.onmicrosoft.com] — ['Chegg']
2026-04-27 20:40:44 [DEBUG   ] DeHashed SIM [tatenda.chirwa194@micrlabs.onmicrosoft.com] — ['AntiPublic']
2026-04-27 20:40:44 [INFO    ] [EXPOSED [DARK WEB]] Tatenda Chirwa                 | Nurse                     | score= 25 | findings=2 | sources=Chegg, AntiPublic
2026-04-27 20:40:44 [DEBUG   ] DeHashed SIM [tatenda.phiri195@micrlabs.onmicrosoft.com] — ['Exploit.in', 'Collection#1']
2026-04-27 20:40:44 [INFO    ] [EXPOSED [DARK WEB]] Tatenda Phiri                  | Doctor                    | score= 30 | findings=2 | sources=Collection#1, Exploit.in
2026-04-27 20:40:44 [DEBUG   ] LeakCheck SIM [thandi.chirwa196@micrlabs.onmicrosoft.com] — ['Chegg']
2026-04-27 20:40:44 [INFO    ] [EXPOSED] Thandi Chirwa                  | Lab Technician            | score= 10 | findings=1 | sources=Chegg
2026-04-27 20:40:44 [DEBUG   ] LeakCheck SIM [tatenda.chikwanda198@micrlabs.onmicrosoft.com] — ['Dropbox', 'LinkedIn']
2026-04-27 20:40:44 [INFO    ] [EXPOSED] Tatenda Chikwanda              | Lab Technician            | score= 20 | findings=2 | sources=LinkedIn, Dropbox
2026-04-27 20:40:44 [DEBUG   ] DeHashed SIM [simba.banda199@micrlabs.onmicrosoft.com] — ['Collection#1', 'Exploit.in']
2026-04-27 20:40:44 [INFO    ] [EXPOSED [DARK WEB]] Simba Banda                    | Radiologist               | score= 30 | findings=2 | sources=Collection#1, Exploit.in
2026-04-27 20:40:44 [DEBUG   ] LeakCheck SIM [thandi.sithole200@micrlabs.onmicrosoft.com] — ['LinkedIn', 'Wattpad']
2026-04-27 20:40:44 [INFO    ] [EXPOSED] Thandi Sithole                 | Doctor                    | score= 20 | findings=2 | sources=Wattpad, LinkedIn
2026-04-27 20:40:44 [INFO    ] --- Progress: 200/500 checked | Exposed so far: 129 ---
2026-04-27 20:40:44 [DEBUG   ] HIBP SIM [sibusiso.dube201@micrlabs.onmicrosoft.com] — ['Deezer']
2026-04-27 20:40:44 [INFO    ] [EXPOSED] Sibusiso Dube                  | Billing Clerk             | score= 10 | findings=1 | sources=Deezer
2026-04-27 20:40:44 [DEBUG   ] DeHashed SIM [munyaradzi.chirwa203@micrlabs.onmicrosoft.com] — ['Collection#1']
2026-04-27 20:40:44 [DEBUG   ] LeakCheck SIM [munyaradzi.chirwa203@micrlabs.onmicrosoft.com] — ['Deezer', 'LinkedIn']
2026-04-27 20:40:44 [INFO    ] [EXPOSED [DARK WEB]] Munyaradzi Chirwa              | Finance Officer           | score= 35 | findings=3 | sources=Collection#1, LinkedIn, Deezer
2026-04-27 20:40:44 [DEBUG   ] HIBP SIM [tinashe.chirwa205@micrlabs.onmicrosoft.com] — ['Wishbone', 'Dropbox', 'MyFitnessPal']
2026-04-27 20:40:44 [DEBUG   ] LeakCheck SIM [tinashe.chirwa205@micrlabs.onmicrosoft.com] — ['Deezer', 'Canva']
2026-04-27 20:40:44 [INFO    ] [EXPOSED] Tinashe Chirwa                 | Medical Coder             | score= 50 | findings=5 | sources=Wishbone, Canva, Deezer, MyFitnessPal, Dropbox
2026-04-27 20:40:44 [DEBUG   ] HIBP SIM [sibusiso.gumbo207@micrlabs.onmicrosoft.com] — ['Gravatar', 'Adobe']
2026-04-27 20:40:44 [DEBUG   ] DeHashed SIM [sibusiso.gumbo207@micrlabs.onmicrosoft.com] — ['RaidForums-Archive']
2026-04-27 20:40:44 [INFO    ] [EXPOSED [DARK WEB]] Sibusiso Gumbo                 | Claims Analyst            | score= 35 | findings=3 | sources=Gravatar, RaidForums-Archive, Adobe
2026-04-27 20:40:44 [DEBUG   ] HIBP SIM [chiedza.gumbo209@micrlabs.onmicrosoft.com] — ['MyFitnessPal']
2026-04-27 20:40:44 [INFO    ] [EXPOSED] Chiedza Gumbo                  | Billing Clerk             | score= 10 | findings=1 | sources=MyFitnessPal
2026-04-27 20:40:44 [DEBUG   ] HIBP SIM [zanele.dube211@micrlabs.onmicrosoft.com] — ['Evite']
2026-04-27 20:40:44 [INFO    ] [EXPOSED] Zanele Dube                    | Claims Analyst            | score= 10 | findings=1 | sources=Evite
2026-04-27 20:40:44 [DEBUG   ] DeHashed SIM [bongani.mpofu212@micrlabs.onmicrosoft.com] — ['Collection#1', 'Exploit.in']
2026-04-27 20:40:44 [INFO    ] [EXPOSED [DARK WEB]] Bongani Mpofu                  | Medical Coder             | score= 30 | findings=2 | sources=Collection#1, Exploit.in
2026-04-27 20:40:44 [DEBUG   ] DeHashed SIM [tinashe.ncube213@micrlabs.onmicrosoft.com] — ['Exploit.in']
2026-04-27 20:40:44 [INFO    ] [EXPOSED [DARK WEB]] Tinashe Ncube                  | Billing Clerk             | score= 15 | findings=1 | sources=Exploit.in
2026-04-27 20:40:44 [DEBUG   ] HIBP SIM [simba.mpofu214@micrlabs.onmicrosoft.com] — ['Dropbox', 'Evite']
2026-04-27 20:40:44 [INFO    ] [EXPOSED] Simba Mpofu                    | Medical Coder             | score= 20 | findings=2 | sources=Dropbox, Evite
2026-04-27 20:40:44 [DEBUG   ] HIBP SIM [bongani.chikwanda215@micrlabs.onmicrosoft.com] — ['Wattpad', 'Zynga']
2026-04-27 20:40:44 [INFO    ] [EXPOSED] Bongani Chikwanda              | Finance Officer           | score= 20 | findings=2 | sources=Zynga, Wattpad
2026-04-27 20:40:44 [DEBUG   ] HIBP SIM [zanele.banda216@micrlabs.onmicrosoft.com] — ['Adobe']
2026-04-27 20:40:44 [DEBUG   ] LeakCheck SIM [zanele.banda216@micrlabs.onmicrosoft.com] — ['Dropbox', 'LinkedIn']
2026-04-27 20:40:44 [INFO    ] [EXPOSED] Zanele Banda                   | Claims Analyst            | score= 30 | findings=3 | sources=Dropbox, LinkedIn, Adobe
2026-04-27 20:40:44 [DEBUG   ] DeHashed SIM [simba.zimba218@micrlabs.onmicrosoft.com] — ['Exploit.in']
2026-04-27 20:40:44 [INFO    ] [EXPOSED [DARK WEB]] Simba Zimba                    | Medical Coder             | score= 15 | findings=1 | sources=Exploit.in
2026-04-27 20:40:44 [DEBUG   ] LeakCheck SIM [lungelo.ncube219@micrlabs.onmicrosoft.com] — ['LinkedIn']
2026-04-27 20:40:44 [INFO    ] [EXPOSED] Lungelo Ncube                  | Billing Clerk             | score= 10 | findings=1 | sources=LinkedIn
2026-04-27 20:40:44 [DEBUG   ] HIBP SIM [tsitsi.tembo220@micrlabs.onmicrosoft.com] — ['Deezer']
2026-04-27 20:40:44 [INFO    ] [EXPOSED] Tsitsi Tembo                   | Billing Clerk             | score= 10 | findings=1 | sources=Deezer
2026-04-27 20:40:44 [DEBUG   ] HIBP SIM [kudzai.ncube221@micrlabs.onmicrosoft.com] — ['Zynga', 'LinkedIn']
2026-04-27 20:40:44 [DEBUG   ] DeHashed SIM [kudzai.ncube221@micrlabs.onmicrosoft.com] — ['Exploit.in', 'AntiPublic']
2026-04-27 20:40:44 [INFO    ] [EXPOSED [DARK WEB]] Kudzai Ncube                   | Claims Analyst            | score= 50 | findings=4 | sources=Exploit.in, Zynga, AntiPublic, LinkedIn
2026-04-27 20:40:44 [DEBUG   ] HIBP SIM [sifiso.banda222@micrlabs.onmicrosoft.com] — ['LinkedIn', 'Canva', 'Wishbone']
2026-04-27 20:40:44 [DEBUG   ] LeakCheck SIM [sifiso.banda222@micrlabs.onmicrosoft.com] — ['Adobe']
2026-04-27 20:40:44 [INFO    ] [EXPOSED] Sifiso Banda                   | Finance Officer           | score= 40 | findings=4 | sources=Wishbone, LinkedIn, Canva, Adobe
2026-04-27 20:40:44 [DEBUG   ] DeHashed SIM [bongani.mutasa223@micrlabs.onmicrosoft.com] — ['Exploit.in']
2026-04-27 20:40:44 [DEBUG   ] IntelX SIM [bongani.mutasa223@micrlabs.onmicrosoft.com] — 2 hit(s) in 'darkweb'
2026-04-27 20:40:44 [INFO    ] [EXPOSED [DARK WEB]] Bongani Mutasa                 | Medical Coder             | score= 65 | findings=3 | sources=Exploit.in, leak_5320, leak_5922
2026-04-27 20:40:44 [DEBUG   ] LeakCheck SIM [nomvula.mpofu224@micrlabs.onmicrosoft.com] — ['Deezer']
2026-04-27 20:40:44 [DEBUG   ] IntelX SIM [nomvula.mpofu224@micrlabs.onmicrosoft.com] — 2 hit(s) in 'leaks'
2026-04-27 20:40:44 [INFO    ] [EXPOSED] Nomvula Mpofu                  | Medical Coder             | score= 60 | findings=3 | sources=leak_4583, Deezer, leak_3411
2026-04-27 20:40:44 [DEBUG   ] HIBP SIM [nompilo.tembo225@micrlabs.onmicrosoft.com] — ['Wishbone', 'Deezer']
2026-04-27 20:40:44 [DEBUG   ] LeakCheck SIM [nompilo.tembo225@micrlabs.onmicrosoft.com] — ['Deezer']
2026-04-27 20:40:44 [INFO    ] [EXPOSED] Nompilo Tembo                  | Finance Officer           | score= 30 | findings=3 | sources=Wishbone, Deezer
2026-04-27 20:40:44 [DEBUG   ] HIBP SIM [simba.chirwa226@micrlabs.onmicrosoft.com] — ['LinkedIn2021', 'TelegramLeaks-2024']
2026-04-27 20:40:44 [DEBUG   ] DeHashed SIM [simba.chirwa226@micrlabs.onmicrosoft.com] — ['Collection#1']
2026-04-27 20:40:44 [INFO    ] [EXPOSED [DARK WEB]] Simba Chirwa                   | Medical Coder             | score= 35 | findings=3 | sources=Collection#1, LinkedIn2021, TelegramLeaks-2024
2026-04-27 20:40:44 [DEBUG   ] LeakCheck SIM [takudzwa.zimba230@micrlabs.onmicrosoft.com] — ['Dropbox', 'Deezer']
2026-04-27 20:40:44 [INFO    ] [EXPOSED] Takudzwa Zimba                 | Medical Coder             | score= 20 | findings=2 | sources=Deezer, Dropbox
2026-04-27 20:40:44 [DEBUG   ] LeakCheck SIM [simba.gumbo232@micrlabs.onmicrosoft.com] — ['Deezer']
2026-04-27 20:40:44 [INFO    ] [EXPOSED] Simba Gumbo                    | Finance Officer           | score= 10 | findings=1 | sources=Deezer
2026-04-27 20:40:44 [DEBUG   ] HIBP SIM [nkosi.ncube235@micrlabs.onmicrosoft.com] — ['LinkedIn', 'Gravatar']
2026-04-27 20:40:44 [INFO    ] [EXPOSED] Nkosi Ncube                    | Billing Clerk             | score= 20 | findings=2 | sources=Gravatar, LinkedIn
2026-04-27 20:40:44 [DEBUG   ] HIBP SIM [chiedza.chikwanda237@micrlabs.onmicrosoft.com] — ['MyFitnessPal', 'TelegramLeaks-2024', 'Evite']
2026-04-27 20:40:44 [INFO    ] [EXPOSED] Chiedza Chikwanda              | Claims Analyst            | score= 30 | findings=3 | sources=Evite, TelegramLeaks-2024, MyFitnessPal
2026-04-27 20:40:44 [DEBUG   ] HIBP SIM [nompilo.mutasa238@micrlabs.onmicrosoft.com] — ['Wattpad']
2026-04-27 20:40:44 [INFO    ] [EXPOSED] Nompilo Mutasa                 | Billing Clerk             | score= 10 | findings=1 | sources=Wattpad
2026-04-27 20:40:44 [DEBUG   ] HIBP SIM [sibusiso.tembo240@micrlabs.onmicrosoft.com] — ['TelegramLeaks-2024']
2026-04-27 20:40:44 [INFO    ] [EXPOSED] Sibusiso Tembo                 | Medical Coder             | score= 10 | findings=1 | sources=TelegramLeaks-2024
2026-04-27 20:40:44 [DEBUG   ] HIBP SIM [lungelo.banda243@micrlabs.onmicrosoft.com] — ['Chegg', 'Dropbox']
2026-04-27 20:40:44 [DEBUG   ] LeakCheck SIM [lungelo.banda243@micrlabs.onmicrosoft.com] — ['Adobe', 'Chegg']
2026-04-27 20:40:44 [INFO    ] [EXPOSED] Lungelo Banda                  | Finance Officer           | score= 40 | findings=4 | sources=Chegg, Adobe, Dropbox
2026-04-27 20:40:44 [DEBUG   ] HIBP SIM [lungelo.dube244@micrlabs.onmicrosoft.com] — ['Adobe', 'Deezer', 'Tokopedia']
2026-04-27 20:40:44 [INFO    ] [EXPOSED] Lungelo Dube                   | Claims Analyst            | score= 30 | findings=3 | sources=Deezer, Tokopedia, Adobe
2026-04-27 20:40:44 [DEBUG   ] LeakCheck SIM [bongani.banda246@micrlabs.onmicrosoft.com] — ['Dropbox', 'Canva']
2026-04-27 20:40:44 [INFO    ] [EXPOSED] Bongani Banda                  | Billing Clerk             | score= 20 | findings=2 | sources=Canva, Dropbox
2026-04-27 20:40:44 [DEBUG   ] HIBP SIM [zanele.moyo248@micrlabs.onmicrosoft.com] — ['Gravatar', 'MathWay', 'Wishbone']
2026-04-27 20:40:44 [INFO    ] [EXPOSED] Zanele Moyo                    | Medical Coder             | score= 30 | findings=3 | sources=Gravatar, Wishbone, MathWay
2026-04-27 20:40:44 [DEBUG   ] DeHashed SIM [tendai.sithole249@micrlabs.onmicrosoft.com] — ['Exploit.in']
2026-04-27 20:40:44 [INFO    ] [EXPOSED [DARK WEB]] Tendai Sithole                 | Finance Officer           | score= 15 | findings=1 | sources=Exploit.in
2026-04-27 20:40:44 [DEBUG   ] HIBP SIM [tatenda.ncube250@micrlabs.onmicrosoft.com] — ['TelegramLeaks-2024']
2026-04-27 20:40:44 [DEBUG   ] DeHashed SIM [tatenda.ncube250@micrlabs.onmicrosoft.com] — ['Collection#1']
2026-04-27 20:40:44 [INFO    ] [EXPOSED [DARK WEB]] Tatenda Ncube                  | Medical Coder             | score= 25 | findings=2 | sources=Collection#1, TelegramLeaks-2024
2026-04-27 20:40:44 [INFO    ] --- Progress: 250/500 checked | Exposed so far: 161 ---
2026-04-27 20:40:44 [DEBUG   ] HIBP SIM [nkosi.banda251@micrlabs.onmicrosoft.com] — ['LinkedIn', 'Tokopedia']
2026-04-27 20:40:44 [INFO    ] [EXPOSED] Nkosi Banda                    | Claims Analyst            | score= 20 | findings=2 | sources=Tokopedia, LinkedIn
2026-04-27 20:40:44 [DEBUG   ] HIBP SIM [lungelo.banda252@micrlabs.onmicrosoft.com] — ['Canva', 'Wishbone', 'Gravatar']
2026-04-27 20:40:44 [DEBUG   ] DeHashed SIM [lungelo.banda252@micrlabs.onmicrosoft.com] — ['Collection#1']
2026-04-27 20:40:44 [INFO    ] [EXPOSED [DARK WEB]] Lungelo Banda                  | Finance Officer           | score= 45 | findings=4 | sources=Gravatar, Wishbone, Canva, Collection#1
2026-04-27 20:40:44 [DEBUG   ] HIBP SIM [rudo.moyo253@micrlabs.onmicrosoft.com] — ['Wattpad', 'Dropbox']
2026-04-27 20:40:44 [DEBUG   ] IntelX SIM [rudo.moyo253@micrlabs.onmicrosoft.com] — 2 hit(s) in 'darkweb'
2026-04-27 20:40:44 [INFO    ] [EXPOSED] Rudo Moyo                      | Finance Officer           | score= 70 | findings=4 | sources=leak_7736, Wattpad, Dropbox, leak_5928
2026-04-27 20:40:44 [DEBUG   ] HIBP SIM [simba.dube254@micrlabs.onmicrosoft.com] — ['Canva', 'Evite', 'Wishbone']
2026-04-27 20:40:44 [INFO    ] [EXPOSED] Simba Dube                     | Claims Analyst            | score= 30 | findings=3 | sources=Wishbone, Canva, Evite
2026-04-27 20:40:44 [DEBUG   ] HIBP SIM [nkosi.tembo255@micrlabs.onmicrosoft.com] — ['MathWay', 'LinkedIn2021']
2026-04-27 20:40:44 [DEBUG   ] LeakCheck SIM [nkosi.tembo255@micrlabs.onmicrosoft.com] — ['Adobe', 'Chegg']
2026-04-27 20:40:44 [INFO    ] [EXPOSED] Nkosi Tembo                    | Medical Coder             | score= 40 | findings=4 | sources=Chegg, LinkedIn2021, Adobe, MathWay
2026-04-27 20:40:44 [DEBUG   ] LeakCheck SIM [tsitsi.ncube256@micrlabs.onmicrosoft.com] — ['Adobe', 'Dropbox']
2026-04-27 20:40:44 [INFO    ] [EXPOSED] Tsitsi Ncube                   | Finance Officer           | score= 20 | findings=2 | sources=Dropbox, Adobe
2026-04-27 20:40:44 [DEBUG   ] HIBP SIM [sifiso.sithole257@micrlabs.onmicrosoft.com] — ['Wishbone']
2026-04-27 20:40:44 [DEBUG   ] DeHashed SIM [sifiso.sithole257@micrlabs.onmicrosoft.com] — ['AntiPublic']
2026-04-27 20:40:44 [DEBUG   ] LeakCheck SIM [sifiso.sithole257@micrlabs.onmicrosoft.com] — ['Chegg', 'Canva']
2026-04-27 20:40:44 [INFO    ] [EXPOSED [DARK WEB]] Sifiso Sithole                 | Medical Coder             | score= 45 | findings=4 | sources=Chegg, Wishbone, Canva, AntiPublic
2026-04-27 20:40:44 [DEBUG   ] DeHashed SIM [takudzwa.mhlanga260@micrlabs.onmicrosoft.com] — ['AntiPublic']
2026-04-27 20:40:44 [DEBUG   ] LeakCheck SIM [takudzwa.mhlanga260@micrlabs.onmicrosoft.com] — ['LinkedIn']
2026-04-27 20:40:44 [INFO    ] [EXPOSED [DARK WEB]] Takudzwa Mhlanga               | Claims Analyst            | score= 25 | findings=2 | sources=LinkedIn, AntiPublic
2026-04-27 20:40:44 [DEBUG   ] HIBP SIM [sifiso.chirwa261@micrlabs.onmicrosoft.com] — ['MathWay', 'Deezer', 'Wishbone']
2026-04-27 20:40:44 [INFO    ] [EXPOSED] Sifiso Chirwa                  | Medical Coder             | score= 30 | findings=3 | sources=Wishbone, Deezer, MathWay
2026-04-27 20:40:44 [DEBUG   ] LeakCheck SIM [nkosi.chikwanda262@micrlabs.onmicrosoft.com] — ['Adobe']
2026-04-27 20:40:44 [INFO    ] [EXPOSED] Nkosi Chikwanda                | Claims Analyst            | score= 10 | findings=1 | sources=Adobe
2026-04-27 20:40:44 [DEBUG   ] HIBP SIM [zanele.mhlanga263@micrlabs.onmicrosoft.com] — ['TelegramLeaks-2024', 'LinkedIn', 'MyFitnessPal']
2026-04-27 20:40:44 [DEBUG   ] LeakCheck SIM [zanele.mhlanga263@micrlabs.onmicrosoft.com] — ['LinkedIn']
2026-04-27 20:40:44 [INFO    ] [EXPOSED] Zanele Mhlanga                 | Billing Clerk             | score= 40 | findings=4 | sources=LinkedIn, TelegramLeaks-2024, MyFitnessPal
2026-04-27 20:40:44 [DEBUG   ] LeakCheck SIM [kudzai.sithole265@micrlabs.onmicrosoft.com] — ['Wattpad']
2026-04-27 20:40:44 [INFO    ] [EXPOSED] Kudzai Sithole                 | Claims Analyst            | score= 10 | findings=1 | sources=Wattpad
2026-04-27 20:40:44 [DEBUG   ] HIBP SIM [tatenda.sithole266@micrlabs.onmicrosoft.com] — ['Adobe', 'Evite']
2026-04-27 20:40:44 [INFO    ] [EXPOSED] Tatenda Sithole                | Claims Analyst            | score= 20 | findings=2 | sources=Adobe, Evite
2026-04-27 20:40:44 [DEBUG   ] HIBP SIM [farai.nkomo267@micrlabs.onmicrosoft.com] — ['Chegg', 'Tokopedia']
2026-04-27 20:40:44 [INFO    ] [EXPOSED] Farai Nkomo                    | Finance Officer           | score= 20 | findings=2 | sources=Chegg, Tokopedia
2026-04-27 20:40:44 [DEBUG   ] HIBP SIM [bongani.nkomo268@micrlabs.onmicrosoft.com] — ['Dropbox', 'Evite']
2026-04-27 20:40:44 [INFO    ] [EXPOSED] Bongani Nkomo                  | Claims Analyst            | score= 20 | findings=2 | sources=Dropbox, Evite
2026-04-27 20:40:44 [DEBUG   ] HIBP SIM [munyaradzi.phiri269@micrlabs.onmicrosoft.com] — ['Zynga', 'Wishbone']
2026-04-27 20:40:44 [DEBUG   ] DeHashed SIM [munyaradzi.phiri269@micrlabs.onmicrosoft.com] — ['Exploit.in', 'AntiPublic']
2026-04-27 20:40:44 [INFO    ] [EXPOSED [DARK WEB]] Munyaradzi Phiri               | Billing Clerk             | score= 50 | findings=4 | sources=Wishbone, Exploit.in, Zynga, AntiPublic
2026-04-27 20:40:44 [DEBUG   ] DeHashed SIM [kudzai.banda270@micrlabs.onmicrosoft.com] — ['Exploit.in']
2026-04-27 20:40:44 [INFO    ] [EXPOSED [DARK WEB]] Kudzai Banda                   | Billing Clerk             | score= 15 | findings=1 | sources=Exploit.in
2026-04-27 20:40:44 [DEBUG   ] LeakCheck SIM [thandi.mutasa271@micrlabs.onmicrosoft.com] — ['Wattpad', 'Canva']
2026-04-27 20:40:44 [INFO    ] [EXPOSED] Thandi Mutasa                  | Claims Analyst            | score= 20 | findings=2 | sources=Wattpad, Canva
2026-04-27 20:40:44 [DEBUG   ] DeHashed SIM [nomvula.moyo274@micrlabs.onmicrosoft.com] — ['Exploit.in']
2026-04-27 20:40:44 [INFO    ] [EXPOSED [DARK WEB]] Nomvula Moyo                   | Billing Clerk             | score= 15 | findings=1 | sources=Exploit.in
2026-04-27 20:40:44 [DEBUG   ] HIBP SIM [tinashe.banda275@micrlabs.onmicrosoft.com] — ['Evite', 'Deezer']
2026-04-27 20:40:44 [INFO    ] [EXPOSED] Tinashe Banda                  | Billing Clerk             | score= 20 | findings=2 | sources=Deezer, Evite
2026-04-27 20:40:44 [DEBUG   ] DeHashed SIM [nomvula.banda276@micrlabs.onmicrosoft.com] — ['RaidForums-Archive', 'Exploit.in']
2026-04-27 20:40:44 [DEBUG   ] LeakCheck SIM [nomvula.banda276@micrlabs.onmicrosoft.com] — ['Canva', 'Dropbox']
2026-04-27 20:40:44 [INFO    ] [EXPOSED [DARK WEB]] Nomvula Banda                  | Billing Clerk             | score= 50 | findings=4 | sources=Canva, Exploit.in, RaidForums-Archive, Dropbox
2026-04-27 20:40:44 [DEBUG   ] DeHashed SIM [munyaradzi.nkomo277@micrlabs.onmicrosoft.com] — ['AntiPublic', 'Exploit.in']
2026-04-27 20:40:44 [INFO    ] [EXPOSED [DARK WEB]] Munyaradzi Nkomo               | Finance Officer           | score= 30 | findings=2 | sources=Exploit.in, AntiPublic
2026-04-27 20:40:44 [DEBUG   ] DeHashed SIM [lungelo.tembo278@micrlabs.onmicrosoft.com] — ['Exploit.in', 'AntiPublic']
2026-04-27 20:40:44 [INFO    ] [EXPOSED [DARK WEB]] Lungelo Tembo                  | Claims Analyst            | score= 30 | findings=2 | sources=Exploit.in, AntiPublic
2026-04-27 20:40:44 [DEBUG   ] HIBP SIM [sifiso.mutasa282@micrlabs.onmicrosoft.com] — ['Adobe']
2026-04-27 20:40:44 [DEBUG   ] DeHashed SIM [sifiso.mutasa282@micrlabs.onmicrosoft.com] — ['RaidForums-Archive']
2026-04-27 20:40:44 [INFO    ] [EXPOSED [DARK WEB]] Sifiso Mutasa                  | Claims Analyst            | score= 25 | findings=2 | sources=RaidForums-Archive, Adobe
2026-04-27 20:40:44 [DEBUG   ] DeHashed SIM [sibusiso.chikwanda284@micrlabs.onmicrosoft.com] — ['RaidForums-Archive', 'Collection#1']
2026-04-27 20:40:44 [INFO    ] [EXPOSED [DARK WEB]] Sibusiso Chikwanda             | Claims Analyst            | score= 30 | findings=2 | sources=Collection#1, RaidForums-Archive
2026-04-27 20:40:44 [DEBUG   ] HIBP SIM [takudzwa.dube287@micrlabs.onmicrosoft.com] — ['Dropbox', 'Gravatar', 'Canva']
2026-04-27 20:40:44 [DEBUG   ] DeHashed SIM [takudzwa.dube287@micrlabs.onmicrosoft.com] — ['Exploit.in']
2026-04-27 20:40:44 [DEBUG   ] LeakCheck SIM [takudzwa.dube287@micrlabs.onmicrosoft.com] — ['Dropbox', 'Deezer']
2026-04-27 20:40:44 [INFO    ] [EXPOSED [DARK WEB]] Takudzwa Dube                  | Finance Officer           | score= 65 | findings=6 | sources=Exploit.in, Canva, Deezer, Gravatar, Dropbox
2026-04-27 20:40:44 [DEBUG   ] HIBP SIM [takudzwa.dube289@micrlabs.onmicrosoft.com] — ['MathWay', 'Evite', 'Adobe']
2026-04-27 20:40:44 [INFO    ] [EXPOSED] Takudzwa Dube                  | Medical Coder             | score= 30 | findings=3 | sources=Adobe, MathWay, Evite
2026-04-27 20:40:44 [DEBUG   ] HIBP SIM [takudzwa.mpofu291@micrlabs.onmicrosoft.com] — ['TelegramLeaks-2024', 'Gravatar']
2026-04-27 20:40:44 [DEBUG   ] DeHashed SIM [takudzwa.mpofu291@micrlabs.onmicrosoft.com] — ['RaidForums-Archive']
2026-04-27 20:40:44 [INFO    ] [EXPOSED [DARK WEB]] Takudzwa Mpofu                 | Medical Coder             | score= 35 | findings=3 | sources=Gravatar, RaidForums-Archive, TelegramLeaks-2024
2026-04-27 20:40:44 [DEBUG   ] DeHashed SIM [sibusiso.phiri293@micrlabs.onmicrosoft.com] — ['AntiPublic']
2026-04-27 20:40:44 [DEBUG   ] LeakCheck SIM [sibusiso.phiri293@micrlabs.onmicrosoft.com] — ['LinkedIn']
2026-04-27 20:40:44 [INFO    ] [EXPOSED [DARK WEB]] Sibusiso Phiri                 | Finance Officer           | score= 25 | findings=2 | sources=LinkedIn, AntiPublic
2026-04-27 20:40:44 [DEBUG   ] HIBP SIM [bongani.tembo294@micrlabs.onmicrosoft.com] — ['Wattpad', 'TelegramLeaks-2024']
2026-04-27 20:40:44 [INFO    ] [EXPOSED] Bongani Tembo                  | Finance Officer           | score= 20 | findings=2 | sources=Wattpad, TelegramLeaks-2024
2026-04-27 20:40:44 [DEBUG   ] HIBP SIM [nompilo.moyo296@micrlabs.onmicrosoft.com] — ['Tokopedia']
2026-04-27 20:40:44 [DEBUG   ] IntelX SIM [nompilo.moyo296@micrlabs.onmicrosoft.com] — 2 hit(s) in 'darkweb'
2026-04-27 20:40:44 [INFO    ] [EXPOSED] Nompilo Moyo                   | Claims Analyst            | score= 60 | findings=3 | sources=leak_1166, leak_7245, Tokopedia
2026-04-27 20:40:44 [DEBUG   ] HIBP SIM [nompilo.tembo297@micrlabs.onmicrosoft.com] — ['Evite', 'Canva']
2026-04-27 20:40:44 [INFO    ] [EXPOSED] Nompilo Tembo                  | Medical Coder             | score= 20 | findings=2 | sources=Canva, Evite
2026-04-27 20:40:44 [DEBUG   ] LeakCheck SIM [farai.nkomo299@micrlabs.onmicrosoft.com] — ['Deezer', 'Dropbox']
2026-04-27 20:40:44 [INFO    ] [EXPOSED] Farai Nkomo                    | Billing Clerk             | score= 20 | findings=2 | sources=Dropbox, Deezer
2026-04-27 20:40:44 [DEBUG   ] DeHashed SIM [nyasha.chikwanda300@micrlabs.onmicrosoft.com] — ['AntiPublic', 'Exploit.in']
2026-04-27 20:40:44 [INFO    ] [EXPOSED [DARK WEB]] Nyasha Chikwanda               | Finance Officer           | score= 30 | findings=2 | sources=Exploit.in, AntiPublic
2026-04-27 20:40:44 [INFO    ] --- Progress: 300/500 checked | Exposed so far: 195 ---
2026-04-27 20:40:44 [DEBUG   ] LeakCheck SIM [takudzwa.dube301@micrlabs.onmicrosoft.com] — ['LinkedIn', 'Dropbox']
2026-04-27 20:40:44 [INFO    ] [EXPOSED] Takudzwa Dube                  | HR Manager                | score= 20 | findings=2 | sources=LinkedIn, Dropbox
2026-04-27 20:40:44 [DEBUG   ] HIBP SIM [munyaradzi.mhlanga302@micrlabs.onmicrosoft.com] — ['Gravatar']
2026-04-27 20:40:44 [INFO    ] [EXPOSED] Munyaradzi Mhlanga             | Receptionist              | score= 10 | findings=1 | sources=Gravatar
2026-04-27 20:40:44 [DEBUG   ] DeHashed SIM [tatenda.mhlanga303@micrlabs.onmicrosoft.com] — ['Exploit.in', 'Collection#1']
2026-04-27 20:40:44 [INFO    ] [EXPOSED [DARK WEB]] Tatenda Mhlanga                | HR Manager                | score= 30 | findings=2 | sources=Collection#1, Exploit.in
2026-04-27 20:40:44 [DEBUG   ] HIBP SIM [sibusiso.moyo304@micrlabs.onmicrosoft.com] — ['Gravatar']
2026-04-27 20:40:44 [INFO    ] [EXPOSED] Sibusiso Moyo                  | HR Manager                | score= 10 | findings=1 | sources=Gravatar
2026-04-27 20:40:44 [DEBUG   ] HIBP SIM [tatenda.banda305@micrlabs.onmicrosoft.com] — ['Dropbox', 'Chegg']
2026-04-27 20:40:44 [INFO    ] [EXPOSED] Tatenda Banda                  | Facilities Manager        | score= 20 | findings=2 | sources=Chegg, Dropbox
2026-04-27 20:40:44 [DEBUG   ] HIBP SIM [takudzwa.mpofu306@micrlabs.onmicrosoft.com] — ['LinkedIn2021', 'Evite', 'Chegg']
2026-04-27 20:40:44 [INFO    ] [EXPOSED] Takudzwa Mpofu                 | Administrator             | score= 30 | findings=3 | sources=Chegg, LinkedIn2021, Evite
2026-04-27 20:40:44 [DEBUG   ] HIBP SIM [nompilo.zimba307@micrlabs.onmicrosoft.com] — ['MyFitnessPal', 'Gravatar', 'Dropbox']
2026-04-27 20:40:44 [INFO    ] [EXPOSED] Nompilo Zimba                  | Receptionist              | score= 30 | findings=3 | sources=Gravatar, Dropbox, MyFitnessPal
2026-04-27 20:40:44 [DEBUG   ] HIBP SIM [nomvula.moyo309@micrlabs.onmicrosoft.com] — ['Chegg', 'Evite']
2026-04-27 20:40:44 [DEBUG   ] DeHashed SIM [nomvula.moyo309@micrlabs.onmicrosoft.com] — ['Collection#1']
2026-04-27 20:40:44 [INFO    ] [EXPOSED [DARK WEB]] Nomvula Moyo                   | Administrator             | score= 35 | findings=3 | sources=Chegg, Collection#1, Evite
2026-04-27 20:40:44 [DEBUG   ] HIBP SIM [tsitsi.mpofu312@micrlabs.onmicrosoft.com] — ['MyFitnessPal']
2026-04-27 20:40:44 [DEBUG   ] LeakCheck SIM [tsitsi.mpofu312@micrlabs.onmicrosoft.com] — ['Deezer']
2026-04-27 20:40:44 [INFO    ] [EXPOSED] Tsitsi Mpofu                   | Facilities Manager        | score= 20 | findings=2 | sources=Deezer, MyFitnessPal
2026-04-27 20:40:44 [DEBUG   ] HIBP SIM [tsitsi.mpofu313@micrlabs.onmicrosoft.com] — ['Evite']
2026-04-27 20:40:44 [INFO    ] [EXPOSED] Tsitsi Mpofu                   | HR Manager                | score= 10 | findings=1 | sources=Evite
2026-04-27 20:40:44 [DEBUG   ] HIBP SIM [nkosi.moyo314@micrlabs.onmicrosoft.com] — ['Chegg', 'TelegramLeaks-2024']
2026-04-27 20:40:44 [INFO    ] [EXPOSED] Nkosi Moyo                     | Receptionist              | score= 20 | findings=2 | sources=Chegg, TelegramLeaks-2024
2026-04-27 20:40:44 [DEBUG   ] LeakCheck SIM [sifiso.sithole315@micrlabs.onmicrosoft.com] — ['Canva']
2026-04-27 20:40:44 [INFO    ] [EXPOSED] Sifiso Sithole                 | HR Manager                | score= 10 | findings=1 | sources=Canva
2026-04-27 20:40:44 [DEBUG   ] LeakCheck SIM [nomvula.tembo316@micrlabs.onmicrosoft.com] — ['Dropbox', 'Wattpad']
2026-04-27 20:40:44 [INFO    ] [EXPOSED] Nomvula Tembo                  | Administrator             | score= 20 | findings=2 | sources=Wattpad, Dropbox
2026-04-27 20:40:44 [DEBUG   ] HIBP SIM [tsitsi.mutasa318@micrlabs.onmicrosoft.com] — ['Evite']
2026-04-27 20:40:44 [DEBUG   ] DeHashed SIM [tsitsi.mutasa318@micrlabs.onmicrosoft.com] — ['AntiPublic']
2026-04-27 20:40:44 [INFO    ] [EXPOSED [DARK WEB]] Tsitsi Mutasa                  | HR Manager                | score= 25 | findings=2 | sources=Evite, AntiPublic
2026-04-27 20:40:44 [DEBUG   ] LeakCheck SIM [takudzwa.mutasa319@micrlabs.onmicrosoft.com] — ['Dropbox', 'Canva']
2026-04-27 20:40:44 [INFO    ] [EXPOSED] Takudzwa Mutasa                | HR Manager                | score= 20 | findings=2 | sources=Canva, Dropbox
2026-04-27 20:40:44 [DEBUG   ] DeHashed SIM [sifiso.mutasa321@micrlabs.onmicrosoft.com] — ['Exploit.in', 'AntiPublic']
2026-04-27 20:40:44 [DEBUG   ] LeakCheck SIM [sifiso.mutasa321@micrlabs.onmicrosoft.com] — ['Canva', 'Chegg']
2026-04-27 20:40:44 [INFO    ] [EXPOSED [DARK WEB]] Sifiso Mutasa                  | Administrator             | score= 50 | findings=4 | sources=Chegg, Exploit.in, Canva, AntiPublic
2026-04-27 20:40:44 [DEBUG   ] HIBP SIM [nkosi.mutasa322@micrlabs.onmicrosoft.com] — ['LinkedIn']
2026-04-27 20:40:44 [INFO    ] [EXPOSED] Nkosi Mutasa                   | HR Manager                | score= 10 | findings=1 | sources=LinkedIn
2026-04-27 20:40:44 [DEBUG   ] HIBP SIM [nompilo.tembo323@micrlabs.onmicrosoft.com] — ['Gravatar', 'Wattpad', 'MathWay']
2026-04-27 20:40:44 [INFO    ] [EXPOSED] Nompilo Tembo                  | HR Manager                | score= 30 | findings=3 | sources=Gravatar, Wattpad, MathWay
2026-04-27 20:40:44 [DEBUG   ] HIBP SIM [munyaradzi.tembo324@micrlabs.onmicrosoft.com] — ['Canva']
2026-04-27 20:40:44 [DEBUG   ] DeHashed SIM [munyaradzi.tembo324@micrlabs.onmicrosoft.com] — ['Exploit.in', 'Collection#1']
2026-04-27 20:40:44 [INFO    ] [EXPOSED [DARK WEB]] Munyaradzi Tembo               | Receptionist              | score= 40 | findings=3 | sources=Collection#1, Exploit.in, Canva
2026-04-27 20:40:44 [DEBUG   ] LeakCheck SIM [sibusiso.banda326@micrlabs.onmicrosoft.com] — ['Dropbox']
2026-04-27 20:40:44 [INFO    ] [EXPOSED] Sibusiso Banda                 | Receptionist              | score= 10 | findings=1 | sources=Dropbox
2026-04-27 20:40:44 [DEBUG   ] HIBP SIM [takudzwa.gumbo327@micrlabs.onmicrosoft.com] — ['MyFitnessPal', 'Canva', 'LinkedIn']
2026-04-27 20:40:44 [DEBUG   ] LeakCheck SIM [takudzwa.gumbo327@micrlabs.onmicrosoft.com] — ['Chegg']
2026-04-27 20:40:44 [INFO    ] [EXPOSED] Takudzwa Gumbo                 | Administrator             | score= 40 | findings=4 | sources=Chegg, LinkedIn, Canva, MyFitnessPal
2026-04-27 20:40:44 [DEBUG   ] HIBP SIM [zanele.zimba329@micrlabs.onmicrosoft.com] — ['Dropbox', 'LinkedIn2021']
2026-04-27 20:40:44 [DEBUG   ] DeHashed SIM [zanele.zimba329@micrlabs.onmicrosoft.com] — ['AntiPublic']
2026-04-27 20:40:44 [DEBUG   ] IntelX SIM [zanele.zimba329@micrlabs.onmicrosoft.com] — 1 hit(s) in 'darkweb'
2026-04-27 20:40:44 [INFO    ] [EXPOSED [DARK WEB]] Zanele Zimba                   | HR Manager                | score= 60 | findings=4 | sources=LinkedIn2021, leak_7931, Dropbox, AntiPublic
2026-04-27 20:40:44 [DEBUG   ] HIBP SIM [chiedza.nkomo330@micrlabs.onmicrosoft.com] — ['Canva']
2026-04-27 20:40:44 [INFO    ] [EXPOSED] Chiedza Nkomo                  | HR Manager                | score= 10 | findings=1 | sources=Canva
2026-04-27 20:40:44 [DEBUG   ] HIBP SIM [tendai.zimba331@micrlabs.onmicrosoft.com] — ['Adobe', 'Deezer']
2026-04-27 20:40:44 [INFO    ] [EXPOSED] Tendai Zimba                   | Administrator             | score= 20 | findings=2 | sources=Deezer, Adobe
2026-04-27 20:40:44 [DEBUG   ] HIBP SIM [zanele.gumbo334@micrlabs.onmicrosoft.com] — ['Gravatar', 'LinkedIn']
2026-04-27 20:40:44 [DEBUG   ] DeHashed SIM [zanele.gumbo334@micrlabs.onmicrosoft.com] — ['Exploit.in']
2026-04-27 20:40:44 [INFO    ] [EXPOSED [DARK WEB]] Zanele Gumbo                   | HR Manager                | score= 35 | findings=3 | sources=Gravatar, Exploit.in, LinkedIn
2026-04-27 20:40:44 [DEBUG   ] HIBP SIM [sifiso.dube335@micrlabs.onmicrosoft.com] — ['Dropbox', 'Evite']
2026-04-27 20:40:44 [DEBUG   ] LeakCheck SIM [sifiso.dube335@micrlabs.onmicrosoft.com] — ['Deezer', 'Canva']
2026-04-27 20:40:44 [INFO    ] [EXPOSED] Sifiso Dube                    | Receptionist              | score= 40 | findings=4 | sources=Deezer, Canva, Dropbox, Evite
2026-04-27 20:40:44 [DEBUG   ] HIBP SIM [kudzai.banda336@micrlabs.onmicrosoft.com] — ['Canva', 'Dropbox', 'TelegramLeaks-2024']
2026-04-27 20:40:44 [INFO    ] [EXPOSED] Kudzai Banda                   | Receptionist              | score= 30 | findings=3 | sources=TelegramLeaks-2024, Canva, Dropbox
2026-04-27 20:40:44 [DEBUG   ] HIBP SIM [farai.chikwanda337@micrlabs.onmicrosoft.com] — ['Wattpad']
2026-04-27 20:40:44 [DEBUG   ] LeakCheck SIM [farai.chikwanda337@micrlabs.onmicrosoft.com] — ['Wattpad', 'Dropbox']
2026-04-27 20:40:44 [INFO    ] [EXPOSED] Farai Chikwanda                | HR Manager                | score= 30 | findings=3 | sources=Wattpad, Dropbox
2026-04-27 20:40:44 [DEBUG   ] HIBP SIM [rudo.tembo339@micrlabs.onmicrosoft.com] — ['TelegramLeaks-2024', 'Wishbone', 'Deezer']
2026-04-27 20:40:44 [INFO    ] [EXPOSED] Rudo Tembo                     | Receptionist              | score= 30 | findings=3 | sources=Wishbone, Deezer, TelegramLeaks-2024
2026-04-27 20:40:44 [DEBUG   ] HIBP SIM [tendai.moyo341@micrlabs.onmicrosoft.com] — ['Wishbone', 'Dropbox', 'LinkedIn']
2026-04-27 20:40:44 [DEBUG   ] DeHashed SIM [tendai.moyo341@micrlabs.onmicrosoft.com] — ['RaidForums-Archive', 'Collection#1']
2026-04-27 20:40:44 [DEBUG   ] LeakCheck SIM [tendai.moyo341@micrlabs.onmicrosoft.com] — ['Adobe', 'Canva']
2026-04-27 20:40:44 [INFO    ] [EXPOSED [DARK WEB]] Tendai Moyo                    | Administrator             | score= 80 | findings=7 | sources=RaidForums-Archive, Adobe, Collection#1, Wishbone, LinkedIn, Canva, Dropbox
2026-04-27 20:40:44 [DEBUG   ] HIBP SIM [sibusiso.chikwanda342@micrlabs.onmicrosoft.com] — ['Adobe', 'TelegramLeaks-2024', 'Gravatar']
2026-04-27 20:40:44 [DEBUG   ] LeakCheck SIM [sibusiso.chikwanda342@micrlabs.onmicrosoft.com] — ['Canva']
2026-04-27 20:40:44 [INFO    ] [EXPOSED] Sibusiso Chikwanda             | Receptionist              | score= 40 | findings=4 | sources=Gravatar, TelegramLeaks-2024, Canva, Adobe
2026-04-27 20:40:44 [DEBUG   ] HIBP SIM [sifiso.phiri343@micrlabs.onmicrosoft.com] — ['Chegg', 'LinkedIn']
2026-04-27 20:40:44 [INFO    ] [EXPOSED] Sifiso Phiri                   | Receptionist              | score= 20 | findings=2 | sources=Chegg, LinkedIn
2026-04-27 20:40:44 [DEBUG   ] HIBP SIM [tinashe.chikwanda344@micrlabs.onmicrosoft.com] — ['Wattpad', 'Tokopedia']
2026-04-27 20:40:44 [INFO    ] [EXPOSED] Tinashe Chikwanda              | Receptionist              | score= 20 | findings=2 | sources=Tokopedia, Wattpad
2026-04-27 20:40:44 [DEBUG   ] HIBP SIM [thandi.chirwa346@micrlabs.onmicrosoft.com] — ['Gravatar', 'Wattpad', 'LinkedIn']
2026-04-27 20:40:44 [INFO    ] [EXPOSED] Thandi Chirwa                  | Facilities Manager        | score= 30 | findings=3 | sources=Gravatar, Wattpad, LinkedIn
2026-04-27 20:40:44 [DEBUG   ] HIBP SIM [farai.phiri347@micrlabs.onmicrosoft.com] — ['Zynga', 'Tokopedia', 'Evite']
2026-04-27 20:40:44 [DEBUG   ] DeHashed SIM [farai.phiri347@micrlabs.onmicrosoft.com] — ['RaidForums-Archive']
2026-04-27 20:40:44 [DEBUG   ] IntelX SIM [farai.phiri347@micrlabs.onmicrosoft.com] — 2 hit(s) in 'leaks'
2026-04-27 20:40:44 [INFO    ] [EXPOSED [DARK WEB]] Farai Phiri                    | Facilities Manager        | score= 95 | findings=6 | sources=RaidForums-Archive, leak_2241, Evite, Tokopedia, leak_2331, Zynga
2026-04-27 20:40:44 [DEBUG   ] DeHashed SIM [thandi.chikwanda348@micrlabs.onmicrosoft.com] — ['Exploit.in']
2026-04-27 20:40:44 [INFO    ] [EXPOSED [DARK WEB]] Thandi Chikwanda               | HR Manager                | score= 15 | findings=1 | sources=Exploit.in
2026-04-27 20:40:44 [DEBUG   ] HIBP SIM [zanele.chikwanda349@micrlabs.onmicrosoft.com] — ['Adobe']
2026-04-27 20:40:44 [DEBUG   ] LeakCheck SIM [zanele.chikwanda349@micrlabs.onmicrosoft.com] — ['Chegg', 'Canva']
2026-04-27 20:40:44 [INFO    ] [EXPOSED] Zanele Chikwanda               | Administrator             | score= 30 | findings=3 | sources=Chegg, Canva, Adobe
2026-04-27 20:40:44 [DEBUG   ] LeakCheck SIM [tendai.gumbo350@micrlabs.onmicrosoft.com] — ['Deezer']
2026-04-27 20:40:44 [INFO    ] [EXPOSED] Tendai Gumbo                   | Facilities Manager        | score= 10 | findings=1 | sources=Deezer
2026-04-27 20:40:44 [INFO    ] --- Progress: 350/500 checked | Exposed so far: 233 ---
2026-04-27 20:40:44 [DEBUG   ] DeHashed SIM [thandi.banda351@micrlabs.onmicrosoft.com] — ['Exploit.in', 'AntiPublic']
2026-04-27 20:40:44 [INFO    ] [EXPOSED [DARK WEB]] Thandi Banda                   | Facilities Manager        | score= 30 | findings=2 | sources=Exploit.in, AntiPublic
2026-04-27 20:40:44 [DEBUG   ] LeakCheck SIM [zanele.chikwanda352@micrlabs.onmicrosoft.com] — ['Chegg', 'Adobe']
2026-04-27 20:40:44 [INFO    ] [EXPOSED] Zanele Chikwanda               | HR Manager                | score= 20 | findings=2 | sources=Chegg, Adobe
2026-04-27 20:40:44 [DEBUG   ] LeakCheck SIM [takudzwa.mhlanga353@micrlabs.onmicrosoft.com] — ['Canva']
2026-04-27 20:40:44 [INFO    ] [EXPOSED] Takudzwa Mhlanga               | Administrator             | score= 10 | findings=1 | sources=Canva
2026-04-27 20:40:44 [DEBUG   ] DeHashed SIM [bongani.nkomo354@micrlabs.onmicrosoft.com] — ['AntiPublic']
2026-04-27 20:40:44 [INFO    ] [EXPOSED [DARK WEB]] Bongani Nkomo                  | Administrator             | score= 15 | findings=1 | sources=AntiPublic
2026-04-27 20:40:44 [DEBUG   ] HIBP SIM [sifiso.banda355@micrlabs.onmicrosoft.com] — ['LinkedIn', 'LinkedIn2021', 'MathWay']
2026-04-27 20:40:44 [INFO    ] [EXPOSED] Sifiso Banda                   | Administrator             | score= 30 | findings=3 | sources=LinkedIn2021, LinkedIn, MathWay
2026-04-27 20:40:44 [DEBUG   ] HIBP SIM [tendai.moyo356@micrlabs.onmicrosoft.com] — ['Adobe']
2026-04-27 20:40:44 [DEBUG   ] LeakCheck SIM [tendai.moyo356@micrlabs.onmicrosoft.com] — ['Canva']
2026-04-27 20:40:44 [INFO    ] [EXPOSED] Tendai Moyo                    | Receptionist              | score= 20 | findings=2 | sources=Canva, Adobe
2026-04-27 20:40:44 [DEBUG   ] IntelX SIM [chiedza.mhlanga357@micrlabs.onmicrosoft.com] — 2 hit(s) in 'pastes'
2026-04-27 20:40:44 [INFO    ] [EXPOSED] Chiedza Mhlanga                | Facilities Manager        | score= 50 | findings=2 | sources=leak_5549, leak_4392
2026-04-27 20:40:44 [DEBUG   ] DeHashed SIM [nompilo.mutasa358@micrlabs.onmicrosoft.com] — ['AntiPublic', 'Exploit.in']
2026-04-27 20:40:44 [INFO    ] [EXPOSED [DARK WEB]] Nompilo Mutasa                 | Receptionist              | score= 30 | findings=2 | sources=Exploit.in, AntiPublic
2026-04-27 20:40:44 [DEBUG   ] LeakCheck SIM [kudzai.moyo359@micrlabs.onmicrosoft.com] — ['Chegg', 'LinkedIn']
2026-04-27 20:40:44 [INFO    ] [EXPOSED] Kudzai Moyo                    | Receptionist              | score= 20 | findings=2 | sources=Chegg, LinkedIn
2026-04-27 20:40:44 [DEBUG   ] HIBP SIM [tendai.ncube360@micrlabs.onmicrosoft.com] — ['MyFitnessPal', 'Gravatar']
2026-04-27 20:40:44 [DEBUG   ] DeHashed SIM [tendai.ncube360@micrlabs.onmicrosoft.com] — ['Exploit.in', 'AntiPublic']
2026-04-27 20:40:44 [INFO    ] [EXPOSED [DARK WEB]] Tendai Ncube                   | HR Manager                | score= 50 | findings=4 | sources=Gravatar, Exploit.in, MyFitnessPal, AntiPublic
2026-04-27 20:40:44 [DEBUG   ] HIBP SIM [nomvula.mpofu361@micrlabs.onmicrosoft.com] — ['Adobe']
2026-04-27 20:40:44 [DEBUG   ] LeakCheck SIM [nomvula.mpofu361@micrlabs.onmicrosoft.com] — ['Wattpad']
2026-04-27 20:40:44 [INFO    ] [EXPOSED] Nomvula Mpofu                  | Facilities Manager        | score= 20 | findings=2 | sources=Wattpad, Adobe
2026-04-27 20:40:44 [DEBUG   ] HIBP SIM [sibusiso.phiri362@micrlabs.onmicrosoft.com] — ['Wattpad']
2026-04-27 20:40:44 [DEBUG   ] LeakCheck SIM [sibusiso.phiri362@micrlabs.onmicrosoft.com] — ['Dropbox']
2026-04-27 20:40:44 [INFO    ] [EXPOSED] Sibusiso Phiri                 | Receptionist              | score= 20 | findings=2 | sources=Wattpad, Dropbox
2026-04-27 20:40:44 [DEBUG   ] LeakCheck SIM [takudzwa.tembo363@micrlabs.onmicrosoft.com] — ['Deezer']
2026-04-27 20:40:44 [INFO    ] [EXPOSED] Takudzwa Tembo                 | Facilities Manager        | score= 10 | findings=1 | sources=Deezer
2026-04-27 20:40:44 [DEBUG   ] HIBP SIM [rudo.chirwa365@micrlabs.onmicrosoft.com] — ['LinkedIn2021', 'TelegramLeaks-2024', 'Wishbone']
2026-04-27 20:40:44 [DEBUG   ] LeakCheck SIM [rudo.chirwa365@micrlabs.onmicrosoft.com] — ['Deezer']
2026-04-27 20:40:44 [INFO    ] [EXPOSED] Rudo Chirwa                    | HR Manager                | score= 40 | findings=4 | sources=LinkedIn2021, Deezer, Wishbone, TelegramLeaks-2024
2026-04-27 20:40:44 [DEBUG   ] HIBP SIM [lungelo.nkomo366@micrlabs.onmicrosoft.com] — ['Deezer', 'TelegramLeaks-2024', 'Wishbone']
2026-04-27 20:40:44 [INFO    ] [EXPOSED] Lungelo Nkomo                  | HR Manager                | score= 30 | findings=3 | sources=TelegramLeaks-2024, Wishbone, Deezer
2026-04-27 20:40:44 [DEBUG   ] DeHashed SIM [kudzai.tembo369@micrlabs.onmicrosoft.com] — ['Collection#1']
2026-04-27 20:40:44 [DEBUG   ] LeakCheck SIM [kudzai.tembo369@micrlabs.onmicrosoft.com] — ['Chegg', 'Canva']
2026-04-27 20:40:44 [INFO    ] [EXPOSED [DARK WEB]] Kudzai Tembo                   | HR Manager                | score= 35 | findings=3 | sources=Collection#1, Canva, Chegg
2026-04-27 20:40:44 [DEBUG   ] DeHashed SIM [tsitsi.zimba370@micrlabs.onmicrosoft.com] — ['RaidForums-Archive', 'AntiPublic']
2026-04-27 20:40:44 [INFO    ] [EXPOSED [DARK WEB]] Tsitsi Zimba                   | Administrator             | score= 30 | findings=2 | sources=RaidForums-Archive, AntiPublic
2026-04-27 20:40:44 [DEBUG   ] LeakCheck SIM [nkosi.ncube371@micrlabs.onmicrosoft.com] — ['Adobe', 'Wattpad']
2026-04-27 20:40:44 [INFO    ] [EXPOSED] Nkosi Ncube                    | Administrator             | score= 20 | findings=2 | sources=Wattpad, Adobe
2026-04-27 20:40:44 [DEBUG   ] HIBP SIM [tendai.gumbo373@micrlabs.onmicrosoft.com] — ['Evite']
2026-04-27 20:40:44 [INFO    ] [EXPOSED] Tendai Gumbo                   | HR Manager                | score= 10 | findings=1 | sources=Evite
2026-04-27 20:40:44 [DEBUG   ] HIBP SIM [tsitsi.sithole376@micrlabs.onmicrosoft.com] — ['Wishbone', 'Evite', 'MyFitnessPal']
2026-04-27 20:40:44 [DEBUG   ] DeHashed SIM [tsitsi.sithole376@micrlabs.onmicrosoft.com] — ['AntiPublic']
2026-04-27 20:40:44 [INFO    ] [EXPOSED [DARK WEB]] Tsitsi Sithole                 | HR Manager                | score= 45 | findings=4 | sources=Wishbone, MyFitnessPal, Evite, AntiPublic
2026-04-27 20:40:44 [DEBUG   ] LeakCheck SIM [nyasha.mutasa377@micrlabs.onmicrosoft.com] — ['Dropbox']
2026-04-27 20:40:44 [DEBUG   ] IntelX SIM [nyasha.mutasa377@micrlabs.onmicrosoft.com] — 1 hit(s) in 'leaks'
2026-04-27 20:40:44 [INFO    ] [EXPOSED] Nyasha Mutasa                  | HR Manager                | score= 35 | findings=2 | sources=leak_1837, Dropbox
2026-04-27 20:40:44 [DEBUG   ] DeHashed SIM [takudzwa.mutasa378@micrlabs.onmicrosoft.com] — ['Collection#1']
2026-04-27 20:40:44 [INFO    ] [EXPOSED [DARK WEB]] Takudzwa Mutasa                | Receptionist              | score= 15 | findings=1 | sources=Collection#1
2026-04-27 20:40:44 [DEBUG   ] LeakCheck SIM [nyasha.mhlanga380@micrlabs.onmicrosoft.com] — ['Dropbox', 'Adobe']
2026-04-27 20:40:44 [INFO    ] [EXPOSED] Nyasha Mhlanga                 | Administrator             | score= 20 | findings=2 | sources=Adobe, Dropbox
2026-04-27 20:40:44 [DEBUG   ] HIBP SIM [nompilo.chirwa381@micrlabs.onmicrosoft.com] — ['LinkedIn']
2026-04-27 20:40:44 [INFO    ] [EXPOSED] Nompilo Chirwa                 | HR Manager                | score= 10 | findings=1 | sources=LinkedIn
2026-04-27 20:40:44 [DEBUG   ] DeHashed SIM [tinashe.sithole385@micrlabs.onmicrosoft.com] — ['AntiPublic']
2026-04-27 20:40:44 [DEBUG   ] LeakCheck SIM [tinashe.sithole385@micrlabs.onmicrosoft.com] — ['Dropbox', 'Adobe']
2026-04-27 20:40:44 [INFO    ] [EXPOSED [DARK WEB]] Tinashe Sithole                | Receptionist              | score= 35 | findings=3 | sources=Adobe, Dropbox, AntiPublic
2026-04-27 20:40:44 [DEBUG   ] HIBP SIM [sibusiso.nkomo386@micrlabs.onmicrosoft.com] — ['MathWay']
2026-04-27 20:40:44 [INFO    ] [EXPOSED] Sibusiso Nkomo                 | Receptionist              | score= 10 | findings=1 | sources=MathWay
2026-04-27 20:40:44 [DEBUG   ] IntelX SIM [nkosi.phiri387@micrlabs.onmicrosoft.com] — 1 hit(s) in 'darkweb'
2026-04-27 20:40:44 [INFO    ] [EXPOSED] Nkosi Phiri                    | Facilities Manager        | score= 25 | findings=1 | sources=leak_2749
2026-04-27 20:40:44 [DEBUG   ] DeHashed SIM [thandi.dube388@micrlabs.onmicrosoft.com] — ['Exploit.in', 'RaidForums-Archive']
2026-04-27 20:40:44 [INFO    ] [EXPOSED [DARK WEB]] Thandi Dube                    | Receptionist              | score= 30 | findings=2 | sources=Exploit.in, RaidForums-Archive
2026-04-27 20:40:44 [DEBUG   ] HIBP SIM [bongani.phiri389@micrlabs.onmicrosoft.com] — ['Chegg', 'Zynga', 'Wattpad']
2026-04-27 20:40:44 [INFO    ] [EXPOSED] Bongani Phiri                  | Receptionist              | score= 30 | findings=3 | sources=Chegg, Wattpad, Zynga
2026-04-27 20:40:44 [DEBUG   ] HIBP SIM [tatenda.tembo390@micrlabs.onmicrosoft.com] — ['Wishbone']
2026-04-27 20:40:44 [DEBUG   ] DeHashed SIM [tatenda.tembo390@micrlabs.onmicrosoft.com] — ['AntiPublic', 'Collection#1']
2026-04-27 20:40:44 [INFO    ] [EXPOSED [DARK WEB]] Tatenda Tembo                  | Facilities Manager        | score= 40 | findings=3 | sources=Collection#1, Wishbone, AntiPublic
2026-04-27 20:40:44 [DEBUG   ] HIBP SIM [kudzai.mpofu391@micrlabs.onmicrosoft.com] — ['Tokopedia', 'LinkedIn2021']
2026-04-27 20:40:44 [INFO    ] [EXPOSED] Kudzai Mpofu                   | Facilities Manager        | score= 20 | findings=2 | sources=LinkedIn2021, Tokopedia
2026-04-27 20:40:44 [DEBUG   ] IntelX SIM [sibusiso.zimba397@micrlabs.onmicrosoft.com] — 1 hit(s) in 'pastes'
2026-04-27 20:40:44 [INFO    ] [EXPOSED] Sibusiso Zimba                 | Facilities Manager        | score= 25 | findings=1 | sources=leak_9116
2026-04-27 20:40:44 [DEBUG   ] HIBP SIM [rudo.gumbo398@micrlabs.onmicrosoft.com] — ['Tokopedia', 'Gravatar']
2026-04-27 20:40:44 [DEBUG   ] LeakCheck SIM [rudo.gumbo398@micrlabs.onmicrosoft.com] — ['Adobe']
2026-04-27 20:40:44 [DEBUG   ] IntelX SIM [rudo.gumbo398@micrlabs.onmicrosoft.com] — 2 hit(s) in 'leaks'
2026-04-27 20:40:44 [INFO    ] [EXPOSED] Rudo Gumbo                     | Administrator             | score= 80 | findings=5 | sources=Adobe, Gravatar, Tokopedia, leak_2480, leak_9079
2026-04-27 20:40:44 [DEBUG   ] LeakCheck SIM [kudzai.chirwa400@micrlabs.onmicrosoft.com] — ['Chegg']
2026-04-27 20:40:44 [INFO    ] [EXPOSED] Kudzai Chirwa                  | Administrator             | score= 10 | findings=1 | sources=Chegg
2026-04-27 20:40:44 [INFO    ] --- Progress: 400/500 checked | Exposed so far: 267 ---
2026-04-27 20:40:44 [DEBUG   ] HIBP SIM [tsitsi.mhlanga401@micrlabs.onmicrosoft.com] — ['LinkedIn']
2026-04-27 20:40:44 [DEBUG   ] LeakCheck SIM [tsitsi.mhlanga401@micrlabs.onmicrosoft.com] — ['Deezer', 'Wattpad']
2026-04-27 20:40:44 [INFO    ] [EXPOSED] Tsitsi Mhlanga                 | Facilities Manager        | score= 30 | findings=3 | sources=Wattpad, LinkedIn, Deezer
2026-04-27 20:40:44 [DEBUG   ] DeHashed SIM [tendai.tembo402@micrlabs.onmicrosoft.com] — ['Exploit.in']
2026-04-27 20:40:44 [DEBUG   ] LeakCheck SIM [tendai.tembo402@micrlabs.onmicrosoft.com] — ['Wattpad', 'LinkedIn']
2026-04-27 20:40:44 [INFO    ] [EXPOSED [DARK WEB]] Tendai Tembo                   | HR Manager                | score= 35 | findings=3 | sources=Exploit.in, Wattpad, LinkedIn
2026-04-27 20:40:44 [DEBUG   ] HIBP SIM [munyaradzi.gumbo406@micrlabs.onmicrosoft.com] — ['Tokopedia']
2026-04-27 20:40:44 [DEBUG   ] DeHashed SIM [munyaradzi.gumbo406@micrlabs.onmicrosoft.com] — ['Exploit.in']
2026-04-27 20:40:44 [INFO    ] [EXPOSED [DARK WEB]] Munyaradzi Gumbo               | Facilities Manager        | score= 25 | findings=2 | sources=Tokopedia, Exploit.in
2026-04-27 20:40:44 [DEBUG   ] LeakCheck SIM [tendai.nkomo407@micrlabs.onmicrosoft.com] — ['Dropbox', 'Deezer']
2026-04-27 20:40:44 [INFO    ] [EXPOSED] Tendai Nkomo                   | HR Manager                | score= 20 | findings=2 | sources=Deezer, Dropbox
2026-04-27 20:40:44 [DEBUG   ] HIBP SIM [sibusiso.mpofu408@micrlabs.onmicrosoft.com] — ['Dropbox', 'Evite']
2026-04-27 20:40:44 [DEBUG   ] LeakCheck SIM [sibusiso.mpofu408@micrlabs.onmicrosoft.com] — ['Adobe']
2026-04-27 20:40:44 [INFO    ] [EXPOSED] Sibusiso Mpofu                 | HR Manager                | score= 30 | findings=3 | sources=Adobe, Dropbox, Evite
2026-04-27 20:40:44 [DEBUG   ] HIBP SIM [tinashe.mutasa409@micrlabs.onmicrosoft.com] — ['Gravatar']
2026-04-27 20:40:44 [INFO    ] [EXPOSED] Tinashe Mutasa                 | Facilities Manager        | score= 10 | findings=1 | sources=Gravatar
2026-04-27 20:40:44 [DEBUG   ] HIBP SIM [nomvula.moyo410@micrlabs.onmicrosoft.com] — ['Deezer', 'LinkedIn2021', 'Wishbone']
2026-04-27 20:40:44 [DEBUG   ] LeakCheck SIM [nomvula.moyo410@micrlabs.onmicrosoft.com] — ['Chegg']
2026-04-27 20:40:44 [INFO    ] [EXPOSED] Nomvula Moyo                   | Facilities Manager        | score= 40 | findings=4 | sources=Chegg, LinkedIn2021, Wishbone, Deezer
2026-04-27 20:40:44 [DEBUG   ] HIBP SIM [simba.mpofu412@micrlabs.onmicrosoft.com] — ['Evite']
2026-04-27 20:40:44 [DEBUG   ] DeHashed SIM [simba.mpofu412@micrlabs.onmicrosoft.com] — ['Collection#1', 'AntiPublic']
2026-04-27 20:40:44 [INFO    ] [EXPOSED [DARK WEB]] Simba Mpofu                    | Facilities Manager        | score= 40 | findings=3 | sources=Collection#1, Evite, AntiPublic
2026-04-27 20:40:44 [DEBUG   ] HIBP SIM [bongani.gumbo413@micrlabs.onmicrosoft.com] — ['Chegg', 'Dropbox', 'Zynga']
2026-04-27 20:40:44 [INFO    ] [EXPOSED] Bongani Gumbo                  | HR Manager                | score= 30 | findings=3 | sources=Chegg, Zynga, Dropbox
2026-04-27 20:40:44 [DEBUG   ] HIBP SIM [tsitsi.tembo414@micrlabs.onmicrosoft.com] — ['Chegg', 'Adobe']
2026-04-27 20:40:44 [DEBUG   ] DeHashed SIM [tsitsi.tembo414@micrlabs.onmicrosoft.com] — ['Collection#1', 'AntiPublic']
2026-04-27 20:40:44 [INFO    ] [EXPOSED [DARK WEB]] Tsitsi Tembo                   | Administrator             | score= 50 | findings=4 | sources=Chegg, Adobe, Collection#1, AntiPublic
2026-04-27 20:40:44 [DEBUG   ] HIBP SIM [simba.dube415@micrlabs.onmicrosoft.com] — ['Zynga', 'Adobe']
2026-04-27 20:40:44 [INFO    ] [EXPOSED] Simba Dube                     | Receptionist              | score= 20 | findings=2 | sources=Zynga, Adobe
2026-04-27 20:40:44 [DEBUG   ] DeHashed SIM [tinashe.nkomo416@micrlabs.onmicrosoft.com] — ['Exploit.in']
2026-04-27 20:40:44 [DEBUG   ] IntelX SIM [tinashe.nkomo416@micrlabs.onmicrosoft.com] — 1 hit(s) in 'pastes'
2026-04-27 20:40:44 [INFO    ] [EXPOSED [DARK WEB]] Tinashe Nkomo                  | Facilities Manager        | score= 40 | findings=2 | sources=leak_1271, Exploit.in
2026-04-27 20:40:44 [DEBUG   ] HIBP SIM [nompilo.gumbo417@micrlabs.onmicrosoft.com] — ['Dropbox', 'Tokopedia']
2026-04-27 20:40:44 [INFO    ] [EXPOSED] Nompilo Gumbo                  | Facilities Manager        | score= 20 | findings=2 | sources=Tokopedia, Dropbox
2026-04-27 20:40:44 [DEBUG   ] DeHashed SIM [zanele.sithole418@micrlabs.onmicrosoft.com] — ['RaidForums-Archive', 'AntiPublic']
2026-04-27 20:40:44 [DEBUG   ] LeakCheck SIM [zanele.sithole418@micrlabs.onmicrosoft.com] — ['LinkedIn']
2026-04-27 20:40:44 [INFO    ] [EXPOSED [DARK WEB]] Zanele Sithole                 | Facilities Manager        | score= 40 | findings=3 | sources=LinkedIn, RaidForums-Archive, AntiPublic
2026-04-27 20:40:44 [DEBUG   ] LeakCheck SIM [lungelo.tembo421@micrlabs.onmicrosoft.com] — ['Chegg']
2026-04-27 20:40:44 [INFO    ] [EXPOSED] Lungelo Tembo                  | Help Desk                 | score= 10 | findings=1 | sources=Chegg
2026-04-27 20:40:44 [DEBUG   ] HIBP SIM [farai.sithole422@micrlabs.onmicrosoft.com] — ['Canva', 'Adobe', 'LinkedIn2021']
2026-04-27 20:40:44 [INFO    ] [EXPOSED] Farai Sithole                  | Help Desk                 | score= 30 | findings=3 | sources=LinkedIn2021, Canva, Adobe
2026-04-27 20:40:44 [DEBUG   ] HIBP SIM [nkosi.gumbo423@micrlabs.onmicrosoft.com] — ['LinkedIn2021', 'Evite', 'Dropbox']
2026-04-27 20:40:44 [DEBUG   ] LeakCheck SIM [nkosi.gumbo423@micrlabs.onmicrosoft.com] — ['Wattpad']
2026-04-27 20:40:44 [INFO    ] [EXPOSED] Nkosi Gumbo                    | Help Desk                 | score= 40 | findings=4 | sources=LinkedIn2021, Wattpad, Dropbox, Evite
2026-04-27 20:40:44 [DEBUG   ] HIBP SIM [nomvula.mpofu424@micrlabs.onmicrosoft.com] — ['TelegramLeaks-2024']
2026-04-27 20:40:44 [INFO    ] [EXPOSED] Nomvula Mpofu                  | Network Engineer          | score= 10 | findings=1 | sources=TelegramLeaks-2024
2026-04-27 20:40:44 [DEBUG   ] DeHashed SIM [nompilo.sithole425@micrlabs.onmicrosoft.com] — ['RaidForums-Archive', 'Collection#1']
2026-04-27 20:40:44 [INFO    ] [EXPOSED [DARK WEB]] Nompilo Sithole                | Help Desk                 | score= 30 | findings=2 | sources=Collection#1, RaidForums-Archive
2026-04-27 20:40:44 [DEBUG   ] DeHashed SIM [tsitsi.ncube426@micrlabs.onmicrosoft.com] — ['Exploit.in']
2026-04-27 20:40:44 [INFO    ] [EXPOSED [DARK WEB]] Tsitsi Ncube                   | Network Engineer          | score= 15 | findings=1 | sources=Exploit.in
2026-04-27 20:40:44 [DEBUG   ] HIBP SIM [zanele.zimba427@micrlabs.onmicrosoft.com] — ['Evite', 'Chegg']
2026-04-27 20:40:44 [DEBUG   ] DeHashed SIM [zanele.zimba427@micrlabs.onmicrosoft.com] — ['RaidForums-Archive', 'Collection#1']
2026-04-27 20:40:44 [DEBUG   ] LeakCheck SIM [zanele.zimba427@micrlabs.onmicrosoft.com] — ['Adobe', 'Chegg']
2026-04-27 20:40:44 [INFO    ] [EXPOSED [DARK WEB]] Zanele Zimba                   | IT Administrator          | score= 70 | findings=6 | sources=RaidForums-Archive, Adobe, Collection#1, Evite, Chegg
2026-04-27 20:40:44 [DEBUG   ] HIBP SIM [sibusiso.zimba428@micrlabs.onmicrosoft.com] — ['Zynga']
2026-04-27 20:40:44 [DEBUG   ] DeHashed SIM [sibusiso.zimba428@micrlabs.onmicrosoft.com] — ['AntiPublic', 'Collection#1']
2026-04-27 20:40:44 [DEBUG   ] IntelX SIM [sibusiso.zimba428@micrlabs.onmicrosoft.com] — 2 hit(s) in 'darkweb'
2026-04-27 20:40:44 [INFO    ] [EXPOSED [DARK WEB]] Sibusiso Zimba                 | Network Engineer          | score= 90 | findings=5 | sources=Collection#1, leak_7023, Zynga, leak_5574, AntiPublic
2026-04-27 20:40:44 [DEBUG   ] HIBP SIM [sifiso.nkomo431@micrlabs.onmicrosoft.com] — ['Gravatar', 'Adobe', 'Wattpad']
2026-04-27 20:40:44 [INFO    ] [EXPOSED] Sifiso Nkomo                   | Security Analyst          | score= 30 | findings=3 | sources=Gravatar, Wattpad, Adobe
2026-04-27 20:40:44 [DEBUG   ] DeHashed SIM [lungelo.nkomo432@micrlabs.onmicrosoft.com] — ['Exploit.in']
2026-04-27 20:40:44 [INFO    ] [EXPOSED [DARK WEB]] Lungelo Nkomo                  | Security Analyst          | score= 15 | findings=1 | sources=Exploit.in
2026-04-27 20:40:44 [DEBUG   ] DeHashed SIM [zanele.chikwanda435@micrlabs.onmicrosoft.com] — ['Collection#1']
2026-04-27 20:40:44 [INFO    ] [EXPOSED [DARK WEB]] Zanele Chikwanda               | Network Engineer          | score= 15 | findings=1 | sources=Collection#1
2026-04-27 20:40:44 [DEBUG   ] DeHashed SIM [bongani.moyo436@micrlabs.onmicrosoft.com] — ['Collection#1', 'AntiPublic']
2026-04-27 20:40:44 [DEBUG   ] LeakCheck SIM [bongani.moyo436@micrlabs.onmicrosoft.com] — ['Wattpad']
2026-04-27 20:40:44 [INFO    ] [EXPOSED [DARK WEB]] Bongani Moyo                   | Help Desk                 | score= 40 | findings=3 | sources=Collection#1, Wattpad, AntiPublic
2026-04-27 20:40:44 [DEBUG   ] HIBP SIM [sifiso.sithole439@micrlabs.onmicrosoft.com] — ['LinkedIn2021', 'LinkedIn']
2026-04-27 20:40:44 [INFO    ] [EXPOSED] Sifiso Sithole                 | Help Desk                 | score= 20 | findings=2 | sources=LinkedIn2021, LinkedIn
2026-04-27 20:40:44 [DEBUG   ] HIBP SIM [nompilo.gumbo441@micrlabs.onmicrosoft.com] — ['Wishbone', 'LinkedIn']
2026-04-27 20:40:44 [DEBUG   ] DeHashed SIM [nompilo.gumbo441@micrlabs.onmicrosoft.com] — ['Collection#1']
2026-04-27 20:40:44 [DEBUG   ] LeakCheck SIM [nompilo.gumbo441@micrlabs.onmicrosoft.com] — ['Chegg', 'Canva']
2026-04-27 20:40:44 [INFO    ] [EXPOSED [DARK WEB]] Nompilo Gumbo                  | Security Analyst          | score= 55 | findings=5 | sources=Collection#1, Wishbone, LinkedIn, Canva, Chegg
2026-04-27 20:40:44 [DEBUG   ] HIBP SIM [takudzwa.zimba442@micrlabs.onmicrosoft.com] — ['LinkedIn', 'MyFitnessPal']
2026-04-27 20:40:44 [INFO    ] [EXPOSED] Takudzwa Zimba                 | Help Desk                 | score= 20 | findings=2 | sources=LinkedIn, MyFitnessPal
2026-04-27 20:40:44 [DEBUG   ] HIBP SIM [simba.gumbo443@micrlabs.onmicrosoft.com] — ['Deezer', 'LinkedIn']
2026-04-27 20:40:44 [DEBUG   ] LeakCheck SIM [simba.gumbo443@micrlabs.onmicrosoft.com] — ['LinkedIn', 'Adobe']
2026-04-27 20:40:44 [INFO    ] [EXPOSED] Simba Gumbo                    | Security Analyst          | score= 40 | findings=4 | sources=Adobe, LinkedIn, Deezer
2026-04-27 20:40:44 [DEBUG   ] HIBP SIM [bongani.mpofu444@micrlabs.onmicrosoft.com] — ['LinkedIn']
2026-04-27 20:40:44 [DEBUG   ] LeakCheck SIM [bongani.mpofu444@micrlabs.onmicrosoft.com] — ['Deezer']
2026-04-27 20:40:44 [INFO    ] [EXPOSED] Bongani Mpofu                  | Help Desk                 | score= 20 | findings=2 | sources=LinkedIn, Deezer
2026-04-27 20:40:44 [DEBUG   ] HIBP SIM [chiedza.ncube445@micrlabs.onmicrosoft.com] — ['LinkedIn2021']
2026-04-27 20:40:44 [INFO    ] [EXPOSED] Chiedza Ncube                  | Security Analyst          | score= 10 | findings=1 | sources=LinkedIn2021
2026-04-27 20:40:44 [DEBUG   ] DeHashed SIM [lungelo.sithole446@micrlabs.onmicrosoft.com] — ['RaidForums-Archive', 'Exploit.in']
2026-04-27 20:40:44 [INFO    ] [EXPOSED [DARK WEB]] Lungelo Sithole                | IT Administrator          | score= 30 | findings=2 | sources=Exploit.in, RaidForums-Archive
2026-04-27 20:40:44 [DEBUG   ] LeakCheck SIM [nomvula.banda448@micrlabs.onmicrosoft.com] — ['Wattpad']
2026-04-27 20:40:44 [INFO    ] [EXPOSED] Nomvula Banda                  | Security Analyst          | score= 10 | findings=1 | sources=Wattpad
2026-04-27 20:40:44 [DEBUG   ] HIBP SIM [lungelo.sithole449@micrlabs.onmicrosoft.com] — ['Dropbox', 'MathWay', 'LinkedIn']
2026-04-27 20:40:44 [INFO    ] [EXPOSED] Lungelo Sithole                | IT Administrator          | score= 30 | findings=3 | sources=LinkedIn, Dropbox, MathWay
2026-04-27 20:40:44 [DEBUG   ] LeakCheck SIM [nyasha.zimba450@micrlabs.onmicrosoft.com] — ['LinkedIn', 'Adobe']
2026-04-27 20:40:44 [INFO    ] [EXPOSED] Nyasha Zimba                   | Security Analyst          | score= 20 | findings=2 | sources=LinkedIn, Adobe
2026-04-27 20:40:44 [INFO    ] --- Progress: 450/500 checked | Exposed so far: 303 ---
2026-04-27 20:40:44 [DEBUG   ] LeakCheck SIM [chiedza.tembo451@micrlabs.onmicrosoft.com] — ['Chegg', 'Wattpad']
2026-04-27 20:40:44 [INFO    ] [EXPOSED] Chiedza Tembo                  | Pharmacist                | score= 20 | findings=2 | sources=Chegg, Wattpad
2026-04-27 20:40:44 [DEBUG   ] LeakCheck SIM [nkosi.dube452@micrlabs.onmicrosoft.com] — ['Deezer']
2026-04-27 20:40:44 [INFO    ] [EXPOSED] Nkosi Dube                     | Pharmacist                | score= 10 | findings=1 | sources=Deezer
2026-04-27 20:40:44 [DEBUG   ] DeHashed SIM [sibusiso.tembo453@micrlabs.onmicrosoft.com] — ['AntiPublic', 'Exploit.in']
2026-04-27 20:40:44 [INFO    ] [EXPOSED [DARK WEB]] Sibusiso Tembo                 | Pharmacist                | score= 30 | findings=2 | sources=Exploit.in, AntiPublic
2026-04-27 20:40:44 [DEBUG   ] HIBP SIM [zanele.phiri454@micrlabs.onmicrosoft.com] — ['Evite']
2026-04-27 20:40:44 [DEBUG   ] DeHashed SIM [zanele.phiri454@micrlabs.onmicrosoft.com] — ['Exploit.in']
2026-04-27 20:40:44 [DEBUG   ] LeakCheck SIM [zanele.phiri454@micrlabs.onmicrosoft.com] — ['Dropbox', 'Canva']
2026-04-27 20:40:44 [INFO    ] [EXPOSED [DARK WEB]] Zanele Phiri                   | Pharmacy Technician       | score= 45 | findings=4 | sources=Exploit.in, Canva, Dropbox, Evite
2026-04-27 20:40:44 [DEBUG   ] DeHashed SIM [rudo.mutasa455@micrlabs.onmicrosoft.com] — ['AntiPublic']
2026-04-27 20:40:44 [INFO    ] [EXPOSED [DARK WEB]] Rudo Mutasa                    | Pharmacist                | score= 15 | findings=1 | sources=AntiPublic
2026-04-27 20:40:44 [DEBUG   ] IntelX SIM [nomvula.mhlanga456@micrlabs.onmicrosoft.com] — 2 hit(s) in 'pastes'
2026-04-27 20:40:44 [INFO    ] [EXPOSED] Nomvula Mhlanga                | Pharmacy Technician       | score= 50 | findings=2 | sources=leak_2064, leak_4953
2026-04-27 20:40:44 [DEBUG   ] HIBP SIM [bongani.mutasa457@micrlabs.onmicrosoft.com] — ['TelegramLeaks-2024']
2026-04-27 20:40:44 [INFO    ] [EXPOSED] Bongani Mutasa                 | Pharmacist                | score= 10 | findings=1 | sources=TelegramLeaks-2024
2026-04-27 20:40:44 [DEBUG   ] DeHashed SIM [farai.zimba459@micrlabs.onmicrosoft.com] — ['Collection#1', 'AntiPublic']
2026-04-27 20:40:44 [INFO    ] [EXPOSED [DARK WEB]] Farai Zimba                    | Pharmacist                | score= 30 | findings=2 | sources=Collection#1, AntiPublic
2026-04-27 20:40:44 [DEBUG   ] LeakCheck SIM [farai.phiri461@micrlabs.onmicrosoft.com] — ['Chegg']
2026-04-27 20:40:44 [INFO    ] [EXPOSED] Farai Phiri                    | Pharmacy Technician       | score= 10 | findings=1 | sources=Chegg
2026-04-27 20:40:44 [DEBUG   ] HIBP SIM [nomvula.tembo462@micrlabs.onmicrosoft.com] — ['MathWay', 'Wishbone', 'LinkedIn2021']
2026-04-27 20:40:44 [DEBUG   ] LeakCheck SIM [nomvula.tembo462@micrlabs.onmicrosoft.com] — ['Wattpad']
2026-04-27 20:40:44 [INFO    ] [EXPOSED] Nomvula Tembo                  | Pharmacy Technician       | score= 40 | findings=4 | sources=Wishbone, Wattpad, MathWay, LinkedIn2021
2026-04-27 20:40:44 [DEBUG   ] HIBP SIM [nompilo.phiri463@micrlabs.onmicrosoft.com] — ['Tokopedia']
2026-04-27 20:40:44 [DEBUG   ] LeakCheck SIM [nompilo.phiri463@micrlabs.onmicrosoft.com] — ['Chegg']
2026-04-27 20:40:44 [INFO    ] [EXPOSED] Nompilo Phiri                  | Pharmacy Technician       | score= 20 | findings=2 | sources=Chegg, Tokopedia
2026-04-27 20:40:44 [DEBUG   ] HIBP SIM [takudzwa.chikwanda464@micrlabs.onmicrosoft.com] — ['LinkedIn2021', 'Zynga', 'TelegramLeaks-2024']
2026-04-27 20:40:44 [INFO    ] [EXPOSED] Takudzwa Chikwanda             | Pharmacist                | score= 30 | findings=3 | sources=LinkedIn2021, Zynga, TelegramLeaks-2024
2026-04-27 20:40:44 [DEBUG   ] HIBP SIM [bongani.chikwanda466@micrlabs.onmicrosoft.com] — ['Evite', 'Zynga', 'MyFitnessPal']
2026-04-27 20:40:44 [DEBUG   ] DeHashed SIM [bongani.chikwanda466@micrlabs.onmicrosoft.com] — ['Collection#1']
2026-04-27 20:40:44 [INFO    ] [EXPOSED [DARK WEB]] Bongani Chikwanda              | Pharmacy Technician       | score= 45 | findings=4 | sources=Collection#1, MyFitnessPal, Zynga, Evite
2026-04-27 20:40:44 [DEBUG   ] HIBP SIM [bongani.mhlanga467@micrlabs.onmicrosoft.com] — ['Gravatar', 'Wishbone', 'Wattpad']
2026-04-27 20:40:44 [DEBUG   ] LeakCheck SIM [bongani.mhlanga467@micrlabs.onmicrosoft.com] — ['Adobe', 'Dropbox']
2026-04-27 20:40:44 [INFO    ] [EXPOSED] Bongani Mhlanga                | Pharmacy Technician       | score= 50 | findings=5 | sources=Wattpad, Adobe, Wishbone, Gravatar, Dropbox
2026-04-27 20:40:44 [DEBUG   ] HIBP SIM [takudzwa.moyo468@micrlabs.onmicrosoft.com] — ['TelegramLeaks-2024']
2026-04-27 20:40:44 [INFO    ] [EXPOSED] Takudzwa Moyo                  | Pharmacy Technician       | score= 10 | findings=1 | sources=TelegramLeaks-2024
2026-04-27 20:40:44 [DEBUG   ] HIBP SIM [tinashe.ncube469@micrlabs.onmicrosoft.com] — ['Deezer', 'MathWay']
2026-04-27 20:40:44 [INFO    ] [EXPOSED] Tinashe Ncube                  | Pharmacy Technician       | score= 20 | findings=2 | sources=Deezer, MathWay
2026-04-27 20:40:44 [DEBUG   ] HIBP SIM [nkosi.mutasa470@micrlabs.onmicrosoft.com] — ['Wishbone', 'Wattpad']
2026-04-27 20:40:44 [INFO    ] [EXPOSED] Nkosi Mutasa                   | Pharmacy Technician       | score= 20 | findings=2 | sources=Wishbone, Wattpad
2026-04-27 20:40:44 [DEBUG   ] HIBP SIM [tinashe.gumbo471@micrlabs.onmicrosoft.com] — ['LinkedIn2021', 'LinkedIn']
2026-04-27 20:40:44 [INFO    ] [EXPOSED] Tinashe Gumbo                  | Pharmacy Technician       | score= 20 | findings=2 | sources=LinkedIn2021, LinkedIn
2026-04-27 20:40:44 [DEBUG   ] LeakCheck SIM [nyasha.mpofu477@micrlabs.onmicrosoft.com] — ['Chegg', 'Canva']
2026-04-27 20:40:44 [INFO    ] [EXPOSED] Nyasha Mpofu                   | Pharmacist                | score= 20 | findings=2 | sources=Chegg, Canva
2026-04-27 20:40:44 [DEBUG   ] DeHashed SIM [tsitsi.dube479@micrlabs.onmicrosoft.com] — ['RaidForums-Archive', 'AntiPublic']
2026-04-27 20:40:44 [INFO    ] [EXPOSED [DARK WEB]] Tsitsi Dube                    | Pharmacy Technician       | score= 30 | findings=2 | sources=RaidForums-Archive, AntiPublic
2026-04-27 20:40:44 [DEBUG   ] DeHashed SIM [zanele.mutasa480@micrlabs.onmicrosoft.com] — ['Exploit.in', 'RaidForums-Archive']
2026-04-27 20:40:44 [DEBUG   ] LeakCheck SIM [zanele.mutasa480@micrlabs.onmicrosoft.com] — ['Chegg', 'Dropbox']
2026-04-27 20:40:44 [INFO    ] [EXPOSED [DARK WEB]] Zanele Mutasa                  | Pharmacy Technician       | score= 50 | findings=4 | sources=Chegg, Exploit.in, RaidForums-Archive, Dropbox
2026-04-27 20:40:44 [DEBUG   ] LeakCheck SIM [lungelo.zimba482@micrlabs.onmicrosoft.com] — ['Canva']
2026-04-27 20:40:44 [INFO    ] [EXPOSED] Lungelo Zimba                  | Radiologist               | score= 10 | findings=1 | sources=Canva
2026-04-27 20:40:44 [DEBUG   ] HIBP SIM [kudzai.ncube486@micrlabs.onmicrosoft.com] — ['Canva']
2026-04-27 20:40:44 [DEBUG   ] LeakCheck SIM [kudzai.ncube486@micrlabs.onmicrosoft.com] — ['Adobe', 'Chegg']
2026-04-27 20:40:44 [INFO    ] [EXPOSED] Kudzai Ncube                   | Radiographer              | score= 30 | findings=3 | sources=Chegg, Canva, Adobe
2026-04-27 20:40:44 [DEBUG   ] LeakCheck SIM [tinashe.phiri487@micrlabs.onmicrosoft.com] — ['Adobe']
2026-04-27 20:40:44 [INFO    ] [EXPOSED] Tinashe Phiri                  | Radiographer              | score= 10 | findings=1 | sources=Adobe
2026-04-27 20:40:44 [DEBUG   ] HIBP SIM [sifiso.gumbo488@micrlabs.onmicrosoft.com] — ['Wattpad', 'MathWay', 'Evite']
2026-04-27 20:40:44 [DEBUG   ] DeHashed SIM [sifiso.gumbo488@micrlabs.onmicrosoft.com] — ['Exploit.in', 'Collection#1']
2026-04-27 20:40:44 [INFO    ] [EXPOSED [DARK WEB]] Sifiso Gumbo                   | Radiographer              | score= 60 | findings=5 | sources=Wattpad, Collection#1, Exploit.in, MathWay, Evite
2026-04-27 20:40:44 [DEBUG   ] HIBP SIM [munyaradzi.nkomo490@micrlabs.onmicrosoft.com] — ['Adobe']
2026-04-27 20:40:44 [INFO    ] [EXPOSED] Munyaradzi Nkomo               | Radiologist               | score= 10 | findings=1 | sources=Adobe
2026-04-27 20:40:44 [DEBUG   ] HIBP SIM [chiedza.moyo492@micrlabs.onmicrosoft.com] — ['Chegg', 'Adobe']
2026-04-27 20:40:44 [INFO    ] [EXPOSED] Chiedza Moyo                   | Radiographer              | score= 20 | findings=2 | sources=Chegg, Adobe
2026-04-27 20:40:44 [DEBUG   ] HIBP SIM [nkosi.tembo494@micrlabs.onmicrosoft.com] — ['Evite', 'LinkedIn', 'Wishbone']
2026-04-27 20:40:44 [INFO    ] [EXPOSED] Nkosi Tembo                    | Radiologist               | score= 30 | findings=3 | sources=Wishbone, LinkedIn, Evite
2026-04-27 20:40:44 [DEBUG   ] HIBP SIM [sibusiso.zimba498@micrlabs.onmicrosoft.com] — ['Wattpad']
2026-04-27 20:40:44 [DEBUG   ] IntelX SIM [sibusiso.zimba498@micrlabs.onmicrosoft.com] — 2 hit(s) in 'darkweb'
2026-04-27 20:40:44 [INFO    ] [EXPOSED] Sibusiso Zimba                 | Radiographer              | score= 60 | findings=3 | sources=Wattpad, leak_9275, leak_6119
2026-04-27 20:40:44 [DEBUG   ] DeHashed SIM [tendai.zimba500@micrlabs.onmicrosoft.com] — ['AntiPublic']
2026-04-27 20:40:44 [INFO    ] [EXPOSED [DARK WEB]] Tendai Zimba                   | Radiologist               | score= 15 | findings=1 | sources=AntiPublic
2026-04-27 20:40:44 [INFO    ] --- Progress: 500/500 checked | Exposed so far: 333 ---
2026-04-27 20:40:44 [INFO    ] 
2026-04-27 20:40:44 [INFO    ] ============================================================
2026-04-27 20:40:44 [INFO    ] THREAT INTELLIGENCE ANALYSIS
2026-04-27 20:40:44 [INFO    ] ============================================================
2026-04-27 20:40:44 [INFO    ] Deriving threat intelligence...
2026-04-27 20:40:44 [INFO    ]   Exposure rate : 66.6% (333/500)
2026-04-27 20:40:44 [INFO    ]   Dark web hits : 112
2026-04-27 20:40:44 [INFO    ]   Top dept      : IT (73.3%)
2026-04-27 20:40:44 [INFO    ]   Tool hits — HIBP:176 DeHashed:112 LeakCheck:147 IntelX:33
2026-04-27 20:40:44 [INFO    ]   [CRITICAL] Immediate forced password reset for all users with dark web / paste site exposure
2026-04-27 20:40:44 [INFO    ]   [HIGH] Priority MFA enforcement and CA policy tightening for IT
2026-04-27 20:40:44 [INFO    ]   [HIGH] Enable Entra ID Password Protection with banned-password list
2026-04-27 20:40:44 [INFO    ]   [HIGH] Audit for username/password reuse across personal and work accounts
2026-04-27 20:40:44 [INFO    ]   [MEDIUM] Enrol all exposed users in Identity Protection risky-user remediation workflow
2026-04-27 20:40:44 [INFO    ]   [MEDIUM] Integrate OSINT checks into the joiner provisioning workflow
2026-04-27 20:40:44 [INFO    ]   [LOW] Schedule monthly OSINT re-scans and feed results into the threat dashboard
2026-04-27 20:40:44 [INFO    ] 
2026-04-27 20:40:44 [INFO    ] ============================================================
2026-04-27 20:40:44 [INFO    ] SCAN COMPLETE
2026-04-27 20:40:44 [INFO    ]   Total personas   : 500
2026-04-27 20:40:44 [INFO    ]   Exposed          : 333 (66.6%)
2026-04-27 20:40:44 [INFO    ]   Dark web hits    : 112 (22.4%)
2026-04-27 20:40:44 [INFO    ]   Avg exp score    : 28.2/100
2026-04-27 20:40:44 [INFO    ] ============================================================
2026-04-27 20:40:44 [INFO    ] Combined results  -> C:\Users\Kudzaishe\medizuva-zt-framework\data\osint_results\osint_combined_results.json
2026-04-27 20:40:44 [INFO    ] Legacy HIBP file  -> C:\Users\Kudzaishe\medizuva-zt-framework\data\osint_results\hibp_results.json
2026-04-27 20:40:44 [INFO    ] Run log           -> C:\Users\Kudzaishe\medizuva-zt-framework\data\osint_results\osint_run.log
2026-04-27 20:40:44 [INFO    ] Next: run pillar4_threat/threat_audit.ps1
